access_token,api_name,ip_address,user_cookie
da3912a4-e924-378b-b093-c16f0e482e13,news,122.141.127.82,JSESSIONID=re6a2ocxislvaowmk8rvjgfd9dpy6nk
001a4473-a668-3f85-bdf2-359e63ba7bcd,news,192.0.15.85,JSESSIONID=el62jub69negkb7vvapas11oginxvqx
21771f58-8f74-32d5-883f-243814f4aab1,news,192.53.238.202,JSESSIONID=muqz4a81pnjpqoeghrn30huns1hsk5a
3e951bcc-aa9a-34a2-9e2c-4b7aee087abc,news,203.79.40.62,JSESSIONID=21lju0dyio04xyjye0ryrf8vtpmr1cr
0dc18e8f-50d9-3549-99e0-ac91359423e1,news,203.224.102.195,JSESSIONID=lq0ia9f7lagd66ihyf3d57uvqxc0oac
da3912a4-e924-378b-b093-c16f0e482e13,places,122.141.127.82,JSESSIONID=re6a2ocxislvaowmk8rvjgfd9dpy6nk
001a4473-a668-3f85-bdf2-359e63ba7bcd,places,192.0.15.85,JSESSIONID=el62jub69negkb7vvapas11oginxvqx
21771f58-8f74-32d5-883f-243814f4aab1,places,192.53.238.202,JSESSIONID=muqz4a81pnjpqoeghrn30huns1hsk5a
3e951bcc-aa9a-34a2-9e2c-4b7aee087abc,places,203.79.40.62,JSESSIONID=21lju0dyio04xyjye0ryrf8vtpmr1cr
0dc18e8f-50d9-3549-99e0-ac91359423e1,places,203.224.102.195,JSESSIONID=lq0ia9f7lagd66ihyf3d57uvqxc0oac
beccf470-0fa4-3fff-9b1a-b6cde24de7d2,news,192.175.43.188,JSESSIONID=agtwsj6i5ti192c59xafkj7rpm3ytrp
9298a70a-e570-34f3-8492-a6b34a9a936d,news,192.53.29.185,JSESSIONID=8zsm8stmedtd5u0o66ju5sq2d3ksp3s
694655b5-935b-3df7-b4fa-a9598574d998,news,192.0.106.69,JSESSIONID=lh8awrljepxkk0q6gyirxi4f0vmuz1p
991044ca-8bc4-34ac-9aa0-518c0effe3d8,news,192.0.177.115,JSESSIONID=xejgnl2medn50u9yyq19nbdpa3ckce0
dfe0b8d8-79c4-37af-8160-33b5905cf703,news,203.64.116.62,JSESSIONID=ihxmocvwbj0wzzdc6dond5egiaxqeqv
6dabb003-ef9e-3364-97dc-9da0493120f3,news,192.174.8.102,JSESSIONID=kyu6lra3tgh653cbq4t9ov2qx6k7gv6
0c168711-f823-364d-bf30-c8055b33e92e,news,97.122.114.37,JSESSIONID=4uosej5sllebuolbgixitac33p7tvls
0a1dbc1d-c60a-3eb2-8e1b-c73dbf9df094,news,172.158.157.122,JSESSIONID=q7f9biqbp0oxi9ux389xm3jfhq2q41n
58a81ae4-fccd-3b78-ac1b-f978372a10a8,news,192.170.43.130,JSESSIONID=kbs577ox3s0z2kyuju9kjt4iyf1ucqf
a5299734-3adc-338e-a5ee-ec119d715d0f,news,192.0.32.239,JSESSIONID=328h22je126s4dgj0tvfrg9bqodinsm
38bec7ea-b8bf-3822-9f59-f3566210055c,news,192.170.252.150,JSESSIONID=kn9kusjt6pgmojetm642inzbiozfogl
1165120e-5d8a-35cc-aae6-25d68721584f,news,192.0.230.43,JSESSIONID=5f9i32jp6rj4fb1dk5wyww2emp28p2y
791bd39d-98e8-387a-802b-a4af91a48f34,news,198.51.102.61,JSESSIONID=pyabqvvjlbv4yeak3kct7i1r1rldwch
2b9f3847-4239-3b7a-b307-230569767604,news,192.47.80.252,JSESSIONID=4za5jre2gfk9r5r8vuapwsaej0z8jbj
6f4eeb57-5c98-3516-a677-537e02cd4f5c,news,169.253.45.42,JSESSIONID=nqmh2f1ee1n80watp9jkv89hslsgvyl
342f6dcd-e6a4-3d9d-938f-1664465ac60c,news,169.155.108.106,JSESSIONID=4w2ts1aewucox5ndgp3dwyxbqbqatqf
c50968a7-f67a-357b-a25b-1829a39faf1a,news,169.185.74.36,JSESSIONID=bkpbjtq3dy9j6yu2uu6dc3oq8bg8evs
7c9496a3-a285-3741-860b-e3c42c514b7f,news,169.232.58.225,JSESSIONID=5x58f8pyhnc1wf6x5m8q67u8gg23w08
72e5fb9f-8ffd-3e5e-8c85-668f476e56f3,news,192.229.94.31,JSESSIONID=vw6yfw1zsnt6chdgjk0pp4no70yww8z
a49ce696-d519-3b2c-930c-b88a00f9a8cb,news,192.45.18.223,JSESSIONID=6iajloynj7eyftyuhjfkiyqyqv3co0b
beccf470-0fa4-3fff-9b1a-b6cde24de7d2,places,192.175.43.188,JSESSIONID=agtwsj6i5ti192c59xafkj7rpm3ytrp
9298a70a-e570-34f3-8492-a6b34a9a936d,places,192.53.29.185,JSESSIONID=8zsm8stmedtd5u0o66ju5sq2d3ksp3s
694655b5-935b-3df7-b4fa-a9598574d998,places,192.0.106.69,JSESSIONID=lh8awrljepxkk0q6gyirxi4f0vmuz1p
991044ca-8bc4-34ac-9aa0-518c0effe3d8,places,192.0.177.115,JSESSIONID=xejgnl2medn50u9yyq19nbdpa3ckce0
dfe0b8d8-79c4-37af-8160-33b5905cf703,places,203.64.116.62,JSESSIONID=ihxmocvwbj0wzzdc6dond5egiaxqeqv
6dabb003-ef9e-3364-97dc-9da0493120f3,places,192.174.8.102,JSESSIONID=kyu6lra3tgh653cbq4t9ov2qx6k7gv6
0c168711-f823-364d-bf30-c8055b33e92e,places,97.122.114.37,JSESSIONID=4uosej5sllebuolbgixitac33p7tvls
0a1dbc1d-c60a-3eb2-8e1b-c73dbf9df094,places,172.158.157.122,JSESSIONID=q7f9biqbp0oxi9ux389xm3jfhq2q41n
58a81ae4-fccd-3b78-ac1b-f978372a10a8,places,192.170.43.130,JSESSIONID=kbs577ox3s0z2kyuju9kjt4iyf1ucqf
a5299734-3adc-338e-a5ee-ec119d715d0f,places,192.0.32.239,JSESSIONID=328h22je126s4dgj0tvfrg9bqodinsm
38bec7ea-b8bf-3822-9f59-f3566210055c,places,192.170.252.150,JSESSIONID=kn9kusjt6pgmojetm642inzbiozfogl
1165120e-5d8a-35cc-aae6-25d68721584f,places,192.0.230.43,JSESSIONID=5f9i32jp6rj4fb1dk5wyww2emp28p2y
791bd39d-98e8-387a-802b-a4af91a48f34,places,198.51.102.61,JSESSIONID=pyabqvvjlbv4yeak3kct7i1r1rldwch
2b9f3847-4239-3b7a-b307-230569767604,places,192.47.80.252,JSESSIONID=4za5jre2gfk9r5r8vuapwsaej0z8jbj
6f4eeb57-5c98-3516-a677-537e02cd4f5c,places,169.253.45.42,JSESSIONID=nqmh2f1ee1n80watp9jkv89hslsgvyl
342f6dcd-e6a4-3d9d-938f-1664465ac60c,places,169.155.108.106,JSESSIONID=4w2ts1aewucox5ndgp3dwyxbqbqatqf
c50968a7-f67a-357b-a25b-1829a39faf1a,places,169.185.74.36,JSESSIONID=bkpbjtq3dy9j6yu2uu6dc3oq8bg8evs
7c9496a3-a285-3741-860b-e3c42c514b7f,places,169.232.58.225,JSESSIONID=5x58f8pyhnc1wf6x5m8q67u8gg23w08
72e5fb9f-8ffd-3e5e-8c85-668f476e56f3,places,192.229.94.31,JSESSIONID=vw6yfw1zsnt6chdgjk0pp4no70yww8z
a49ce696-d519-3b2c-930c-b88a00f9a8cb,places,192.45.18.223,JSESSIONID=6iajloynj7eyftyuhjfkiyqyqv3co0b
beccf470-0fa4-3fff-9b1a-b6cde24de7d2,payment,192.175.43.188,JSESSIONID=agtwsj6i5ti192c59xafkj7rpm3ytrp
9298a70a-e570-34f3-8492-a6b34a9a936d,payment,192.53.29.185,JSESSIONID=8zsm8stmedtd5u0o66ju5sq2d3ksp3s
694655b5-935b-3df7-b4fa-a9598574d998,payment,192.0.106.69,JSESSIONID=lh8awrljepxkk0q6gyirxi4f0vmuz1p
991044ca-8bc4-34ac-9aa0-518c0effe3d8,payment,192.0.177.115,JSESSIONID=xejgnl2medn50u9yyq19nbdpa3ckce0
dfe0b8d8-79c4-37af-8160-33b5905cf703,payment,203.64.116.62,JSESSIONID=ihxmocvwbj0wzzdc6dond5egiaxqeqv
6dabb003-ef9e-3364-97dc-9da0493120f3,payment,192.174.8.102,JSESSIONID=kyu6lra3tgh653cbq4t9ov2qx6k7gv6
0c168711-f823-364d-bf30-c8055b33e92e,payment,97.122.114.37,JSESSIONID=4uosej5sllebuolbgixitac33p7tvls
0a1dbc1d-c60a-3eb2-8e1b-c73dbf9df094,payment,172.158.157.122,JSESSIONID=q7f9biqbp0oxi9ux389xm3jfhq2q41n
58a81ae4-fccd-3b78-ac1b-f978372a10a8,payment,192.170.43.130,JSESSIONID=kbs577ox3s0z2kyuju9kjt4iyf1ucqf
a5299734-3adc-338e-a5ee-ec119d715d0f,payment,192.0.32.239,JSESSIONID=328h22je126s4dgj0tvfrg9bqodinsm
38bec7ea-b8bf-3822-9f59-f3566210055c,payment,192.170.252.150,JSESSIONID=kn9kusjt6pgmojetm642inzbiozfogl
1165120e-5d8a-35cc-aae6-25d68721584f,payment,192.0.230.43,JSESSIONID=5f9i32jp6rj4fb1dk5wyww2emp28p2y
791bd39d-98e8-387a-802b-a4af91a48f34,payment,198.51.102.61,JSESSIONID=pyabqvvjlbv4yeak3kct7i1r1rldwch
2b9f3847-4239-3b7a-b307-230569767604,payment,192.47.80.252,JSESSIONID=4za5jre2gfk9r5r8vuapwsaej0z8jbj
6f4eeb57-5c98-3516-a677-537e02cd4f5c,payment,169.253.45.42,JSESSIONID=nqmh2f1ee1n80watp9jkv89hslsgvyl
342f6dcd-e6a4-3d9d-938f-1664465ac60c,payment,169.155.108.106,JSESSIONID=4w2ts1aewucox5ndgp3dwyxbqbqatqf
c50968a7-f67a-357b-a25b-1829a39faf1a,payment,169.185.74.36,JSESSIONID=bkpbjtq3dy9j6yu2uu6dc3oq8bg8evs
7c9496a3-a285-3741-860b-e3c42c514b7f,payment,169.232.58.225,JSESSIONID=5x58f8pyhnc1wf6x5m8q67u8gg23w08
72e5fb9f-8ffd-3e5e-8c85-668f476e56f3,payment,192.229.94.31,JSESSIONID=vw6yfw1zsnt6chdgjk0pp4no70yww8z
a49ce696-d519-3b2c-930c-b88a00f9a8cb,payment,192.45.18.223,JSESSIONID=6iajloynj7eyftyuhjfkiyqyqv3co0b
beccf470-0fa4-3fff-9b1a-b6cde24de7d2,payment,192.175.43.188,JSESSIONID=agtwsj6i5ti192c59xafkj7rpm3ytrp
9298a70a-e570-34f3-8492-a6b34a9a936d,payment,192.53.29.185,JSESSIONID=8zsm8stmedtd5u0o66ju5sq2d3ksp3s
694655b5-935b-3df7-b4fa-a9598574d998,payment,192.0.106.69,JSESSIONID=lh8awrljepxkk0q6gyirxi4f0vmuz1p
991044ca-8bc4-34ac-9aa0-518c0effe3d8,payment,192.0.177.115,JSESSIONID=xejgnl2medn50u9yyq19nbdpa3ckce0
dfe0b8d8-79c4-37af-8160-33b5905cf703,payment,203.64.116.62,JSESSIONID=ihxmocvwbj0wzzdc6dond5egiaxqeqv
6dabb003-ef9e-3364-97dc-9da0493120f3,payment,192.174.8.102,JSESSIONID=kyu6lra3tgh653cbq4t9ov2qx6k7gv6
0c168711-f823-364d-bf30-c8055b33e92e,payment,97.122.114.37,JSESSIONID=4uosej5sllebuolbgixitac33p7tvls
0a1dbc1d-c60a-3eb2-8e1b-c73dbf9df094,payment,172.158.157.122,JSESSIONID=q7f9biqbp0oxi9ux389xm3jfhq2q41n
58a81ae4-fccd-3b78-ac1b-f978372a10a8,payment,192.170.43.130,JSESSIONID=kbs577ox3s0z2kyuju9kjt4iyf1ucqf
a5299734-3adc-338e-a5ee-ec119d715d0f,payment,192.0.32.239,JSESSIONID=328h22je126s4dgj0tvfrg9bqodinsm
38bec7ea-b8bf-3822-9f59-f3566210055c,payment,192.170.252.150,JSESSIONID=kn9kusjt6pgmojetm642inzbiozfogl
1165120e-5d8a-35cc-aae6-25d68721584f,payment,192.0.230.43,JSESSIONID=5f9i32jp6rj4fb1dk5wyww2emp28p2y
791bd39d-98e8-387a-802b-a4af91a48f34,payment,198.51.102.61,JSESSIONID=pyabqvvjlbv4yeak3kct7i1r1rldwch
2b9f3847-4239-3b7a-b307-230569767604,payment,192.47.80.252,JSESSIONID=4za5jre2gfk9r5r8vuapwsaej0z8jbj
6f4eeb57-5c98-3516-a677-537e02cd4f5c,payment,169.253.45.42,JSESSIONID=nqmh2f1ee1n80watp9jkv89hslsgvyl
342f6dcd-e6a4-3d9d-938f-1664465ac60c,payment,169.155.108.106,JSESSIONID=4w2ts1aewucox5ndgp3dwyxbqbqatqf
c50968a7-f67a-357b-a25b-1829a39faf1a,payment,169.185.74.36,JSESSIONID=bkpbjtq3dy9j6yu2uu6dc3oq8bg8evs
7c9496a3-a285-3741-860b-e3c42c514b7f,payment,169.232.58.225,JSESSIONID=5x58f8pyhnc1wf6x5m8q67u8gg23w08
72e5fb9f-8ffd-3e5e-8c85-668f476e56f3,payment,192.229.94.31,JSESSIONID=vw6yfw1zsnt6chdgjk0pp4no70yww8z
a49ce696-d519-3b2c-930c-b88a00f9a8cb,payment,192.45.18.223,JSESSIONID=6iajloynj7eyftyuhjfkiyqyqv3co0b
dcba30d9-6ba1-3791-b683-8c4bff2e0ab4,news,192.175.55.14,JSESSIONID=dh3azxwmr1u8sn5uq6vbug7tj8q0t1v
57055548-876a-39c3-986f-5bdec63bb08a,news,176.12.86.6,JSESSIONID=9pqjio4fyseerkzc60tsn88m58izbx7
6b60aa9a-1065-3eaf-b9f0-8d4bbaee7a22,news,169.191.54.145,JSESSIONID=owchu4srxjknxz8phlx1uj73rh5q93b
f3197609-53a4-380f-aaac-9f12cdf46e30,news,169.248.175.28,JSESSIONID=m2v494ly868he8bay4khpq7t57nazgh
56dd7a8e-87ab-3a33-a3e0-e5c925921c3e,news,192.175.63.187,JSESSIONID=yds683pimwqwnabftr8xlaphtpatz3g
dcba30d9-6ba1-3791-b683-8c4bff2e0ab4,places,192.175.55.14,JSESSIONID=dh3azxwmr1u8sn5uq6vbug7tj8q0t1v
57055548-876a-39c3-986f-5bdec63bb08a,places,176.12.86.6,JSESSIONID=9pqjio4fyseerkzc60tsn88m58izbx7
6b60aa9a-1065-3eaf-b9f0-8d4bbaee7a22,places,169.191.54.145,JSESSIONID=owchu4srxjknxz8phlx1uj73rh5q93b
f3197609-53a4-380f-aaac-9f12cdf46e30,places,169.248.175.28,JSESSIONID=m2v494ly868he8bay4khpq7t57nazgh
56dd7a8e-87ab-3a33-a3e0-e5c925921c3e,places,192.175.63.187,JSESSIONID=yds683pimwqwnabftr8xlaphtpatz3g
dcba30d9-6ba1-3791-b683-8c4bff2e0ab4,payment,192.175.55.14,JSESSIONID=dh3azxwmr1u8sn5uq6vbug7tj8q0t1v
57055548-876a-39c3-986f-5bdec63bb08a,payment,176.12.86.6,JSESSIONID=9pqjio4fyseerkzc60tsn88m58izbx7
6b60aa9a-1065-3eaf-b9f0-8d4bbaee7a22,payment,169.191.54.145,JSESSIONID=owchu4srxjknxz8phlx1uj73rh5q93b
f3197609-53a4-380f-aaac-9f12cdf46e30,payment,169.248.175.28,JSESSIONID=m2v494ly868he8bay4khpq7t57nazgh
56dd7a8e-87ab-3a33-a3e0-e5c925921c3e,payment,192.175.63.187,JSESSIONID=yds683pimwqwnabftr8xlaphtpatz3g
dcba30d9-6ba1-3791-b683-8c4bff2e0ab4,payment,192.175.55.14,JSESSIONID=dh3azxwmr1u8sn5uq6vbug7tj8q0t1v
57055548-876a-39c3-986f-5bdec63bb08a,payment,176.12.86.6,JSESSIONID=9pqjio4fyseerkzc60tsn88m58izbx7
6b60aa9a-1065-3eaf-b9f0-8d4bbaee7a22,payment,169.191.54.145,JSESSIONID=owchu4srxjknxz8phlx1uj73rh5q93b
f3197609-53a4-380f-aaac-9f12cdf46e30,payment,169.248.175.28,JSESSIONID=m2v494ly868he8bay4khpq7t57nazgh
56dd7a8e-87ab-3a33-a3e0-e5c925921c3e,payment,192.175.63.187,JSESSIONID=yds683pimwqwnabftr8xlaphtpatz3g
cc8fde22-cc52-3f19-acca-12edd4d41bce,news,168.33.52.190,JSESSIONID=nmw9rin6fx50552bier1rz9gy7d789k
96112af8-6c16-3be0-a5cf-44255490e33f,news,192.0.3.182,JSESSIONID=ci2uhsw2q72y4pvzgjah8qxaqjpfowm
bf3aa704-77b3-371e-bb57-cc3605c03650,news,192.150.156.27,JSESSIONID=5p2a0fiid3bzfpzbfyj9xk6hnvo858k
44422edf-6656-39c4-8778-45249742a0ff,news,192.160.102.79,JSESSIONID=vhb52froizuylfsjf5ul41azf7hmhx2
e5fbf430-d024-321e-8542-a41687b0b14a,news,140.4.7.147,JSESSIONID=tgjixq5agxjz9q2ra1zvb3qaus7ozcg
34c90d06-e0b4-34f9-baf6-d308b159e902,news,202.231.173.28,JSESSIONID=tw38wvmewu1dxxfvbiiaxp5pqdv1k4i
cdb14a9b-0435-34f2-b541-a87ec771662b,news,198.154.15.17,JSESSIONID=04efmpss0kotpbbc0b1djfgihlrvm2o
c262c51c-aa1d-3f2b-904d-c9c99ce4b2ca,news,192.31.199.18,JSESSIONID=p49e3wis0ffh2xeokv11e5kok4psqba
349046af-195e-3854-a9b3-9a3fa2bf3ba2,news,198.51.99.28,JSESSIONID=a4lhn6utqsx4oudf4dq0yorqvzl2rd6
cfdf81d8-5942-3087-a7ff-61776c0cbe12,news,198.49.15.242,JSESSIONID=ux73ydq359n4i7jelsdslvzurov19hn
cc8fde22-cc52-3f19-acca-12edd4d41bce,places,168.33.52.190,JSESSIONID=nmw9rin6fx50552bier1rz9gy7d789k
96112af8-6c16-3be0-a5cf-44255490e33f,places,192.0.3.182,JSESSIONID=ci2uhsw2q72y4pvzgjah8qxaqjpfowm
bf3aa704-77b3-371e-bb57-cc3605c03650,places,192.150.156.27,JSESSIONID=5p2a0fiid3bzfpzbfyj9xk6hnvo858k
44422edf-6656-39c4-8778-45249742a0ff,places,192.160.102.79,JSESSIONID=vhb52froizuylfsjf5ul41azf7hmhx2
e5fbf430-d024-321e-8542-a41687b0b14a,places,140.4.7.147,JSESSIONID=tgjixq5agxjz9q2ra1zvb3qaus7ozcg
34c90d06-e0b4-34f9-baf6-d308b159e902,places,202.231.173.28,JSESSIONID=tw38wvmewu1dxxfvbiiaxp5pqdv1k4i
cdb14a9b-0435-34f2-b541-a87ec771662b,places,198.154.15.17,JSESSIONID=04efmpss0kotpbbc0b1djfgihlrvm2o
c262c51c-aa1d-3f2b-904d-c9c99ce4b2ca,places,192.31.199.18,JSESSIONID=p49e3wis0ffh2xeokv11e5kok4psqba
349046af-195e-3854-a9b3-9a3fa2bf3ba2,places,198.51.99.28,JSESSIONID=a4lhn6utqsx4oudf4dq0yorqvzl2rd6
cfdf81d8-5942-3087-a7ff-61776c0cbe12,places,198.49.15.242,JSESSIONID=ux73ydq359n4i7jelsdslvzurov19hn
263ae5d3-c7c8-37c2-a6f1-d3af565f08a0,map,122.141.127.82,JSESSIONID=re6a2ocxislvaowmk8rvjgfd9dpy6nk
45f2ab3d-2b13-3a13-a718-92d4b5571773,map,192.0.15.85,JSESSIONID=el62jub69negkb7vvapas11oginxvqx
61f08117-6c5c-3470-a247-fc10984ae168,map,192.53.238.202,JSESSIONID=muqz4a81pnjpqoeghrn30huns1hsk5a
57edf0d1-b6ce-3543-aacd-14602b43c9cb,map,203.79.40.62,JSESSIONID=21lju0dyio04xyjye0ryrf8vtpmr1cr
4647eb8c-583f-38d8-abcd-404e9460075d,map,203.224.102.195,JSESSIONID=lq0ia9f7lagd66ihyf3d57uvqxc0oac
6bda6895-4e67-32e9-89e4-315812ee864e,map,192.175.43.188,JSESSIONID=agtwsj6i5ti192c59xafkj7rpm3ytrp
b7ab911a-2383-3e1a-81ae-e921f47fb33b,map,192.53.29.185,JSESSIONID=8zsm8stmedtd5u0o66ju5sq2d3ksp3s
a6200235-6e6e-36d8-a708-e4031beb82be,map,192.0.106.69,JSESSIONID=lh8awrljepxkk0q6gyirxi4f0vmuz1p
6f049b25-5f86-34ac-939c-09d39d276d81,map,192.0.177.115,JSESSIONID=xejgnl2medn50u9yyq19nbdpa3ckce0
167694d7-b53a-322c-bd9a-bebb08841003,map,203.64.116.62,JSESSIONID=ihxmocvwbj0wzzdc6dond5egiaxqeqv
9a547552-974e-31a3-80be-e964a879e3df,map,203.100.78.235,JSESSIONID=tm9jmmkd7xj1gtf351ouwaekngmpc2s
0c59b260-9f2c-3bcf-8ee3-f18ff3f6cbca,map,199.38.227.174,JSESSIONID=rzkgy6sjosqzbfel77n62uaktqxam3n
b63b2125-e046-3080-bd4b-7f299bf26725,map,101.3.132.170,JSESSIONID=1ajwz6qeqpz6k4ctc5ti82uykv0d0ku
e96a38dd-42dc-3186-8662-688149955a23,map,192.0.24.107,JSESSIONID=gwacqgkv2ka56ke65bv8or5ana6bk1w
4648159d-f19e-3f8e-9e71-0ddabe2eef4e,map,169.248.143.124,JSESSIONID=dq9kdn5a1coxbqehub5s3t1hhrqlk7y
07640f66-6acf-3a24-a2c2-e04aba6e5dbf,map,107.250.141.27,JSESSIONID=4flxo7wep1qtgczuv8wjh8w8budvlch
046c66e8-f4d8-3ccd-bda4-9d2654549522,map,192.67.207.64,JSESSIONID=38lp8h41tcadw8uhy636vzqvvkwz8ix
574100f5-0f8a-35a2-9ec9-0e9d2c1ac1e6,map,192.13.158.73,JSESSIONID=57vv5rwb0ynxr7wyy5rbx0ll0f5v1zn
8ee042be-58aa-3ac3-81aa-94158a3e56af,map,193.134.246.118,JSESSIONID=rk2ug9j5gzyenjphkyla625y1totonp
469aa957-5f3c-3f77-b6fc-f8c854eec8e7,map,192.90.92.241,JSESSIONID=32v1jvexpv6stjpslvdq97quippp0cj
263ae5d3-c7c8-37c2-a6f1-d3af565f08a0,places,122.141.127.82,JSESSIONID=re6a2ocxislvaowmk8rvjgfd9dpy6nk
45f2ab3d-2b13-3a13-a718-92d4b5571773,places,192.0.15.85,JSESSIONID=el62jub69negkb7vvapas11oginxvqx
61f08117-6c5c-3470-a247-fc10984ae168,places,192.53.238.202,JSESSIONID=muqz4a81pnjpqoeghrn30huns1hsk5a
57edf0d1-b6ce-3543-aacd-14602b43c9cb,places,203.79.40.62,JSESSIONID=21lju0dyio04xyjye0ryrf8vtpmr1cr
4647eb8c-583f-38d8-abcd-404e9460075d,places,203.224.102.195,JSESSIONID=lq0ia9f7lagd66ihyf3d57uvqxc0oac
6bda6895-4e67-32e9-89e4-315812ee864e,places,192.175.43.188,JSESSIONID=agtwsj6i5ti192c59xafkj7rpm3ytrp
b7ab911a-2383-3e1a-81ae-e921f47fb33b,places,192.53.29.185,JSESSIONID=8zsm8stmedtd5u0o66ju5sq2d3ksp3s
a6200235-6e6e-36d8-a708-e4031beb82be,places,192.0.106.69,JSESSIONID=lh8awrljepxkk0q6gyirxi4f0vmuz1p
6f049b25-5f86-34ac-939c-09d39d276d81,places,192.0.177.115,JSESSIONID=xejgnl2medn50u9yyq19nbdpa3ckce0
167694d7-b53a-322c-bd9a-bebb08841003,places,203.64.116.62,JSESSIONID=ihxmocvwbj0wzzdc6dond5egiaxqeqv
9a547552-974e-31a3-80be-e964a879e3df,places,203.100.78.235,JSESSIONID=tm9jmmkd7xj1gtf351ouwaekngmpc2s
0c59b260-9f2c-3bcf-8ee3-f18ff3f6cbca,places,199.38.227.174,JSESSIONID=rzkgy6sjosqzbfel77n62uaktqxam3n
b63b2125-e046-3080-bd4b-7f299bf26725,places,101.3.132.170,JSESSIONID=1ajwz6qeqpz6k4ctc5ti82uykv0d0ku
e96a38dd-42dc-3186-8662-688149955a23,places,192.0.24.107,JSESSIONID=gwacqgkv2ka56ke65bv8or5ana6bk1w
4648159d-f19e-3f8e-9e71-0ddabe2eef4e,places,169.248.143.124,JSESSIONID=dq9kdn5a1coxbqehub5s3t1hhrqlk7y
07640f66-6acf-3a24-a2c2-e04aba6e5dbf,places,107.250.141.27,JSESSIONID=4flxo7wep1qtgczuv8wjh8w8budvlch
046c66e8-f4d8-3ccd-bda4-9d2654549522,places,192.67.207.64,JSESSIONID=38lp8h41tcadw8uhy636vzqvvkwz8ix
574100f5-0f8a-35a2-9ec9-0e9d2c1ac1e6,places,192.13.158.73,JSESSIONID=57vv5rwb0ynxr7wyy5rbx0ll0f5v1zn
8ee042be-58aa-3ac3-81aa-94158a3e56af,places,193.134.246.118,JSESSIONID=rk2ug9j5gzyenjphkyla625y1totonp
469aa957-5f3c-3f77-b6fc-f8c854eec8e7,places,192.90.92.241,JSESSIONID=32v1jvexpv6stjpslvdq97quippp0cj
263ae5d3-c7c8-37c2-a6f1-d3af565f08a0,weather,122.141.127.82,JSESSIONID=re6a2ocxislvaowmk8rvjgfd9dpy6nk
45f2ab3d-2b13-3a13-a718-92d4b5571773,weather,192.0.15.85,JSESSIONID=el62jub69negkb7vvapas11oginxvqx
61f08117-6c5c-3470-a247-fc10984ae168,weather,192.53.238.202,JSESSIONID=muqz4a81pnjpqoeghrn30huns1hsk5a
57edf0d1-b6ce-3543-aacd-14602b43c9cb,weather,203.79.40.62,JSESSIONID=21lju0dyio04xyjye0ryrf8vtpmr1cr
4647eb8c-583f-38d8-abcd-404e9460075d,weather,203.224.102.195,JSESSIONID=lq0ia9f7lagd66ihyf3d57uvqxc0oac
6bda6895-4e67-32e9-89e4-315812ee864e,weather,192.175.43.188,JSESSIONID=agtwsj6i5ti192c59xafkj7rpm3ytrp
b7ab911a-2383-3e1a-81ae-e921f47fb33b,weather,192.53.29.185,JSESSIONID=8zsm8stmedtd5u0o66ju5sq2d3ksp3s
a6200235-6e6e-36d8-a708-e4031beb82be,weather,192.0.106.69,JSESSIONID=lh8awrljepxkk0q6gyirxi4f0vmuz1p
6f049b25-5f86-34ac-939c-09d39d276d81,weather,192.0.177.115,JSESSIONID=xejgnl2medn50u9yyq19nbdpa3ckce0
167694d7-b53a-322c-bd9a-bebb08841003,weather,203.64.116.62,JSESSIONID=ihxmocvwbj0wzzdc6dond5egiaxqeqv
9a547552-974e-31a3-80be-e964a879e3df,weather,203.100.78.235,JSESSIONID=tm9jmmkd7xj1gtf351ouwaekngmpc2s
0c59b260-9f2c-3bcf-8ee3-f18ff3f6cbca,weather,199.38.227.174,JSESSIONID=rzkgy6sjosqzbfel77n62uaktqxam3n
b63b2125-e046-3080-bd4b-7f299bf26725,weather,101.3.132.170,JSESSIONID=1ajwz6qeqpz6k4ctc5ti82uykv0d0ku
e96a38dd-42dc-3186-8662-688149955a23,weather,192.0.24.107,JSESSIONID=gwacqgkv2ka56ke65bv8or5ana6bk1w
4648159d-f19e-3f8e-9e71-0ddabe2eef4e,weather,169.248.143.124,JSESSIONID=dq9kdn5a1coxbqehub5s3t1hhrqlk7y
07640f66-6acf-3a24-a2c2-e04aba6e5dbf,weather,107.250.141.27,JSESSIONID=4flxo7wep1qtgczuv8wjh8w8budvlch
046c66e8-f4d8-3ccd-bda4-9d2654549522,weather,192.67.207.64,JSESSIONID=38lp8h41tcadw8uhy636vzqvvkwz8ix
574100f5-0f8a-35a2-9ec9-0e9d2c1ac1e6,weather,192.13.158.73,JSESSIONID=57vv5rwb0ynxr7wyy5rbx0ll0f5v1zn
8ee042be-58aa-3ac3-81aa-94158a3e56af,weather,193.134.246.118,JSESSIONID=rk2ug9j5gzyenjphkyla625y1totonp
469aa957-5f3c-3f77-b6fc-f8c854eec8e7,weather,192.90.92.241,JSESSIONID=32v1jvexpv6stjpslvdq97quippp0cj
a34a74ae-c36c-3cf2-904b-913b8f6213f6,map,126.171.63.216,JSESSIONID=wjmuw5ieh9aelf24h5nnvapt3vrdb35
9460bfbc-878f-3cda-8922-d8e51ce6d725,map,198.40.99.231,JSESSIONID=gz4mrnrqpgzt80s7b0cvvit7q8wqkxu
a21906ae-b73c-3744-a0fd-b347e5efa7a7,map,192.31.195.51,JSESSIONID=jhfkk2tk52yxlyn3ckvic5ncng30len
094d9619-6ac4-3ca7-a2c4-ad78017ca92c,map,192.31.130.175,JSESSIONID=o5u0wdt4ezmzkvxwqbdbpr2a3rb80jy
7f8407bd-c130-3203-8217-9e6c89f8a7af,map,203.46.131.126,JSESSIONID=r4064hpr39cdm9bhl89394ih9c4eu5o
cd155024-489f-3cc6-a23a-ccb9a009fe48,map,192.170.252.150,JSESSIONID=kn9kusjt6pgmojetm642inzbiozfogl
3fbb29e0-867b-3a58-9197-9bb78439673c,map,192.0.230.43,JSESSIONID=5f9i32jp6rj4fb1dk5wyww2emp28p2y
b22ea09b-2fb4-3454-9ff6-d9df0adb1b05,map,198.51.102.61,JSESSIONID=pyabqvvjlbv4yeak3kct7i1r1rldwch
94865b9c-c560-357c-bac8-1e50a167c6da,map,192.47.80.252,JSESSIONID=4za5jre2gfk9r5r8vuapwsaej0z8jbj
937a7052-a925-3577-9fb0-61956d957fce,map,169.253.45.42,JSESSIONID=nqmh2f1ee1n80watp9jkv89hslsgvyl
9b231254-6111-34bf-8133-ffa38139777d,map,169.155.108.106,JSESSIONID=4w2ts1aewucox5ndgp3dwyxbqbqatqf
acbeb9ac-4a6d-314a-a6fe-98da0724d712,map,169.185.74.36,JSESSIONID=bkpbjtq3dy9j6yu2uu6dc3oq8bg8evs
4b8d2da6-4348-3377-9985-025b85f5749c,map,169.232.58.225,JSESSIONID=5x58f8pyhnc1wf6x5m8q67u8gg23w08
1ffebfb4-c292-35c3-95d7-f02defc72c8c,map,192.229.94.31,JSESSIONID=vw6yfw1zsnt6chdgjk0pp4no70yww8z
df3d8591-1b7f-3f2b-b565-b6932c66cf1f,map,192.45.18.223,JSESSIONID=6iajloynj7eyftyuhjfkiyqyqv3co0b
a079e949-2784-3553-8ab6-6b8074e27cba,map,221.128.17.114,JSESSIONID=0z0b8sqjy8fmjjn3sjjuyz2mnqwgpxl
107f4b7b-c29e-3268-9e5d-c0e68bc3322e,map,192.51.55.247,JSESSIONID=5vqujl7caktb2eeafqqrrdgzf80tqmv
e599bca4-9425-3f7f-8f91-ba6298623cca,map,192.31.197.49,JSESSIONID=ga22lx966dplarygcx9kkedkyvfsbbs
a88f798f-419e-3fd9-8205-03b89f17219b,map,192.7.11.196,JSESSIONID=0714zdm2ziarza2qmwxrrbf2h0ygpzy
55b84b83-4fcd-3c18-b6dc-7c6a744cd8c7,map,192.31.202.126,JSESSIONID=9cdxav7miwhirvqphoj1s671vs41qg3
611d3f54-61ef-3c7b-ba98-b572e5629e5e,map,203.25.100.121,JSESSIONID=vbtjgk6m1bntdyrbk6ngh7w787eyl04
1903af62-5368-33df-913c-fa755aae3fce,map,192.55.105.180,JSESSIONID=vl2d1ycbbl500hrok7wiutxtuyvk1z9
9d4bb68f-4641-362b-b787-8dcd5cbb3027,map,192.31.248.101,JSESSIONID=hznlwmf7u6sa25ac2evjrg10thavy08
c71898a2-0699-3cd2-bfa9-88b536186145,map,192.175.99.228,JSESSIONID=yopfnvta1wgamz9lro97exu81pfi72t
fa110d55-4325-3bc3-a516-a54eab499f72,map,203.5.94.174,JSESSIONID=5bx1sg6n8z4596zeil3r0pybkxhlc5j
5b310b46-3797-35d6-a216-3d1c12408382,map,192.56.27.10,JSESSIONID=v4lwahm8zcs76brd7lwtqsu05j9ytk4
1f2b14f3-2f42-36af-9c5b-48946d869d79,map,198.51.101.197,JSESSIONID=eo67inyrsthek64jopgg2dpa0vipkwt
746b735e-b4fc-348a-b46c-d6d1ea03dbd9,map,192.0.191.77,JSESSIONID=c3c3pifpon944xliczvev8tgwnodlog
b4e2837d-98cb-3dd8-839f-43c0d22dec1d,map,192.31.149.198,JSESSIONID=xk6iuoclc9xw7hthvyagimk4wx9q45g
576b4555-cc5a-3859-862e-8c47ea54e6c1,map,203.0.71.219,JSESSIONID=o5zdlvlz5qnoueq8krryez48orxfsqd
20518cbc-5316-3a8e-ae1b-7b09548ab22f,map,164.29.12.105,JSESSIONID=fk705v6a9v4dve4lnjcjnnsxhfvp7xy
30cda2a6-9488-393e-ae15-82b8922199ad,map,201.115.215.185,JSESSIONID=5zus07lc1modr4agujtl9bnbwp8rbvo
84530f19-609f-31b2-b43c-4f9578ba420e,map,192.31.234.170,JSESSIONID=9al5tjuujxpd37eyxfouusv24wj9atn
74cf2899-6850-317c-a415-a0f5d802c1e3,map,192.31.35.164,JSESSIONID=ty3arys1qqvgz18b3ne6izd7o6tca9j
57f409d7-7534-3c81-b2a4-82ecc32ce244,map,192.173.25.93,JSESSIONID=1imnaev9ei8hzuw06exet9d36tg5qix
bdb6d6fa-bf7d-3912-a7b7-6c14da9b618b,map,203.25.113.244,JSESSIONID=nt2ge2l3kxnfwd2r7gp8q8igwjx6uml
385be1a1-332d-3e6a-a99f-f1cce11c587d,map,198.3.196.170,JSESSIONID=ghvvtx4ro12lhw1gj57iym12u32zzmr
f8e4277c-c4d3-34d2-9a72-6c29c4508935,map,192.31.133.23,JSESSIONID=im7yy6znkiedabei6he3xboz6a5qobt
095edb99-8c28-3e4d-a023-6a927ee4ddaf,map,132.162.100.74,JSESSIONID=q4wdmc3apbtqnez7xqd54njfftu074p
ec12d4aa-b7c3-3b6b-8aec-01ea20bf9255,map,192.24.170.12,JSESSIONID=4mydlqkbv70m3ze827fue2glo6igtqz
a34a74ae-c36c-3cf2-904b-913b8f6213f6,places,126.171.63.216,JSESSIONID=wjmuw5ieh9aelf24h5nnvapt3vrdb35
9460bfbc-878f-3cda-8922-d8e51ce6d725,places,198.40.99.231,JSESSIONID=gz4mrnrqpgzt80s7b0cvvit7q8wqkxu
a21906ae-b73c-3744-a0fd-b347e5efa7a7,places,192.31.195.51,JSESSIONID=jhfkk2tk52yxlyn3ckvic5ncng30len
094d9619-6ac4-3ca7-a2c4-ad78017ca92c,places,192.31.130.175,JSESSIONID=o5u0wdt4ezmzkvxwqbdbpr2a3rb80jy
7f8407bd-c130-3203-8217-9e6c89f8a7af,places,203.46.131.126,JSESSIONID=r4064hpr39cdm9bhl89394ih9c4eu5o
cd155024-489f-3cc6-a23a-ccb9a009fe48,places,192.170.252.150,JSESSIONID=kn9kusjt6pgmojetm642inzbiozfogl
3fbb29e0-867b-3a58-9197-9bb78439673c,places,192.0.230.43,JSESSIONID=5f9i32jp6rj4fb1dk5wyww2emp28p2y
b22ea09b-2fb4-3454-9ff6-d9df0adb1b05,places,198.51.102.61,JSESSIONID=pyabqvvjlbv4yeak3kct7i1r1rldwch
94865b9c-c560-357c-bac8-1e50a167c6da,places,192.47.80.252,JSESSIONID=4za5jre2gfk9r5r8vuapwsaej0z8jbj
937a7052-a925-3577-9fb0-61956d957fce,places,169.253.45.42,JSESSIONID=nqmh2f1ee1n80watp9jkv89hslsgvyl
9b231254-6111-34bf-8133-ffa38139777d,places,169.155.108.106,JSESSIONID=4w2ts1aewucox5ndgp3dwyxbqbqatqf
acbeb9ac-4a6d-314a-a6fe-98da0724d712,places,169.185.74.36,JSESSIONID=bkpbjtq3dy9j6yu2uu6dc3oq8bg8evs
4b8d2da6-4348-3377-9985-025b85f5749c,places,169.232.58.225,JSESSIONID=5x58f8pyhnc1wf6x5m8q67u8gg23w08
1ffebfb4-c292-35c3-95d7-f02defc72c8c,places,192.229.94.31,JSESSIONID=vw6yfw1zsnt6chdgjk0pp4no70yww8z
df3d8591-1b7f-3f2b-b565-b6932c66cf1f,places,192.45.18.223,JSESSIONID=6iajloynj7eyftyuhjfkiyqyqv3co0b
a079e949-2784-3553-8ab6-6b8074e27cba,places,221.128.17.114,JSESSIONID=0z0b8sqjy8fmjjn3sjjuyz2mnqwgpxl
107f4b7b-c29e-3268-9e5d-c0e68bc3322e,places,192.51.55.247,JSESSIONID=5vqujl7caktb2eeafqqrrdgzf80tqmv
e599bca4-9425-3f7f-8f91-ba6298623cca,places,192.31.197.49,JSESSIONID=ga22lx966dplarygcx9kkedkyvfsbbs
a88f798f-419e-3fd9-8205-03b89f17219b,places,192.7.11.196,JSESSIONID=0714zdm2ziarza2qmwxrrbf2h0ygpzy
55b84b83-4fcd-3c18-b6dc-7c6a744cd8c7,places,192.31.202.126,JSESSIONID=9cdxav7miwhirvqphoj1s671vs41qg3
611d3f54-61ef-3c7b-ba98-b572e5629e5e,places,203.25.100.121,JSESSIONID=vbtjgk6m1bntdyrbk6ngh7w787eyl04
1903af62-5368-33df-913c-fa755aae3fce,places,192.55.105.180,JSESSIONID=vl2d1ycbbl500hrok7wiutxtuyvk1z9
9d4bb68f-4641-362b-b787-8dcd5cbb3027,places,192.31.248.101,JSESSIONID=hznlwmf7u6sa25ac2evjrg10thavy08
c71898a2-0699-3cd2-bfa9-88b536186145,places,192.175.99.228,JSESSIONID=yopfnvta1wgamz9lro97exu81pfi72t
fa110d55-4325-3bc3-a516-a54eab499f72,places,203.5.94.174,JSESSIONID=5bx1sg6n8z4596zeil3r0pybkxhlc5j
5b310b46-3797-35d6-a216-3d1c12408382,places,192.56.27.10,JSESSIONID=v4lwahm8zcs76brd7lwtqsu05j9ytk4
1f2b14f3-2f42-36af-9c5b-48946d869d79,places,198.51.101.197,JSESSIONID=eo67inyrsthek64jopgg2dpa0vipkwt
746b735e-b4fc-348a-b46c-d6d1ea03dbd9,places,192.0.191.77,JSESSIONID=c3c3pifpon944xliczvev8tgwnodlog
b4e2837d-98cb-3dd8-839f-43c0d22dec1d,places,192.31.149.198,JSESSIONID=xk6iuoclc9xw7hthvyagimk4wx9q45g
576b4555-cc5a-3859-862e-8c47ea54e6c1,places,203.0.71.219,JSESSIONID=o5zdlvlz5qnoueq8krryez48orxfsqd
20518cbc-5316-3a8e-ae1b-7b09548ab22f,places,164.29.12.105,JSESSIONID=fk705v6a9v4dve4lnjcjnnsxhfvp7xy
30cda2a6-9488-393e-ae15-82b8922199ad,places,201.115.215.185,JSESSIONID=5zus07lc1modr4agujtl9bnbwp8rbvo
84530f19-609f-31b2-b43c-4f9578ba420e,places,192.31.234.170,JSESSIONID=9al5tjuujxpd37eyxfouusv24wj9atn
74cf2899-6850-317c-a415-a0f5d802c1e3,places,192.31.35.164,JSESSIONID=ty3arys1qqvgz18b3ne6izd7o6tca9j
57f409d7-7534-3c81-b2a4-82ecc32ce244,places,192.173.25.93,JSESSIONID=1imnaev9ei8hzuw06exet9d36tg5qix
bdb6d6fa-bf7d-3912-a7b7-6c14da9b618b,places,203.25.113.244,JSESSIONID=nt2ge2l3kxnfwd2r7gp8q8igwjx6uml
385be1a1-332d-3e6a-a99f-f1cce11c587d,places,198.3.196.170,JSESSIONID=ghvvtx4ro12lhw1gj57iym12u32zzmr
f8e4277c-c4d3-34d2-9a72-6c29c4508935,places,192.31.133.23,JSESSIONID=im7yy6znkiedabei6he3xboz6a5qobt
095edb99-8c28-3e4d-a023-6a927ee4ddaf,places,132.162.100.74,JSESSIONID=q4wdmc3apbtqnez7xqd54njfftu074p
ec12d4aa-b7c3-3b6b-8aec-01ea20bf9255,places,192.24.170.12,JSESSIONID=4mydlqkbv70m3ze827fue2glo6igtqz
a34a74ae-c36c-3cf2-904b-913b8f6213f6,weather,126.171.63.216,JSESSIONID=wjmuw5ieh9aelf24h5nnvapt3vrdb35
9460bfbc-878f-3cda-8922-d8e51ce6d725,weather,198.40.99.231,JSESSIONID=gz4mrnrqpgzt80s7b0cvvit7q8wqkxu
a21906ae-b73c-3744-a0fd-b347e5efa7a7,weather,192.31.195.51,JSESSIONID=jhfkk2tk52yxlyn3ckvic5ncng30len
094d9619-6ac4-3ca7-a2c4-ad78017ca92c,weather,192.31.130.175,JSESSIONID=o5u0wdt4ezmzkvxwqbdbpr2a3rb80jy
7f8407bd-c130-3203-8217-9e6c89f8a7af,weather,203.46.131.126,JSESSIONID=r4064hpr39cdm9bhl89394ih9c4eu5o
cd155024-489f-3cc6-a23a-ccb9a009fe48,weather,192.170.252.150,JSESSIONID=kn9kusjt6pgmojetm642inzbiozfogl
3fbb29e0-867b-3a58-9197-9bb78439673c,weather,192.0.230.43,JSESSIONID=5f9i32jp6rj4fb1dk5wyww2emp28p2y
b22ea09b-2fb4-3454-9ff6-d9df0adb1b05,weather,198.51.102.61,JSESSIONID=pyabqvvjlbv4yeak3kct7i1r1rldwch
94865b9c-c560-357c-bac8-1e50a167c6da,weather,192.47.80.252,JSESSIONID=4za5jre2gfk9r5r8vuapwsaej0z8jbj
937a7052-a925-3577-9fb0-61956d957fce,weather,169.253.45.42,JSESSIONID=nqmh2f1ee1n80watp9jkv89hslsgvyl
9b231254-6111-34bf-8133-ffa38139777d,weather,169.155.108.106,JSESSIONID=4w2ts1aewucox5ndgp3dwyxbqbqatqf
acbeb9ac-4a6d-314a-a6fe-98da0724d712,weather,169.185.74.36,JSESSIONID=bkpbjtq3dy9j6yu2uu6dc3oq8bg8evs
4b8d2da6-4348-3377-9985-025b85f5749c,weather,169.232.58.225,JSESSIONID=5x58f8pyhnc1wf6x5m8q67u8gg23w08
1ffebfb4-c292-35c3-95d7-f02defc72c8c,weather,192.229.94.31,JSESSIONID=vw6yfw1zsnt6chdgjk0pp4no70yww8z
df3d8591-1b7f-3f2b-b565-b6932c66cf1f,weather,192.45.18.223,JSESSIONID=6iajloynj7eyftyuhjfkiyqyqv3co0b
a079e949-2784-3553-8ab6-6b8074e27cba,weather,221.128.17.114,JSESSIONID=0z0b8sqjy8fmjjn3sjjuyz2mnqwgpxl
107f4b7b-c29e-3268-9e5d-c0e68bc3322e,weather,192.51.55.247,JSESSIONID=5vqujl7caktb2eeafqqrrdgzf80tqmv
e599bca4-9425-3f7f-8f91-ba6298623cca,weather,192.31.197.49,JSESSIONID=ga22lx966dplarygcx9kkedkyvfsbbs
a88f798f-419e-3fd9-8205-03b89f17219b,weather,192.7.11.196,JSESSIONID=0714zdm2ziarza2qmwxrrbf2h0ygpzy
55b84b83-4fcd-3c18-b6dc-7c6a744cd8c7,weather,192.31.202.126,JSESSIONID=9cdxav7miwhirvqphoj1s671vs41qg3
611d3f54-61ef-3c7b-ba98-b572e5629e5e,weather,203.25.100.121,JSESSIONID=vbtjgk6m1bntdyrbk6ngh7w787eyl04
1903af62-5368-33df-913c-fa755aae3fce,weather,192.55.105.180,JSESSIONID=vl2d1ycbbl500hrok7wiutxtuyvk1z9
9d4bb68f-4641-362b-b787-8dcd5cbb3027,weather,192.31.248.101,JSESSIONID=hznlwmf7u6sa25ac2evjrg10thavy08
c71898a2-0699-3cd2-bfa9-88b536186145,weather,192.175.99.228,JSESSIONID=yopfnvta1wgamz9lro97exu81pfi72t
fa110d55-4325-3bc3-a516-a54eab499f72,weather,203.5.94.174,JSESSIONID=5bx1sg6n8z4596zeil3r0pybkxhlc5j
5b310b46-3797-35d6-a216-3d1c12408382,weather,192.56.27.10,JSESSIONID=v4lwahm8zcs76brd7lwtqsu05j9ytk4
1f2b14f3-2f42-36af-9c5b-48946d869d79,weather,198.51.101.197,JSESSIONID=eo67inyrsthek64jopgg2dpa0vipkwt
746b735e-b4fc-348a-b46c-d6d1ea03dbd9,weather,192.0.191.77,JSESSIONID=c3c3pifpon944xliczvev8tgwnodlog
b4e2837d-98cb-3dd8-839f-43c0d22dec1d,weather,192.31.149.198,JSESSIONID=xk6iuoclc9xw7hthvyagimk4wx9q45g
576b4555-cc5a-3859-862e-8c47ea54e6c1,weather,203.0.71.219,JSESSIONID=o5zdlvlz5qnoueq8krryez48orxfsqd
20518cbc-5316-3a8e-ae1b-7b09548ab22f,weather,164.29.12.105,JSESSIONID=fk705v6a9v4dve4lnjcjnnsxhfvp7xy
30cda2a6-9488-393e-ae15-82b8922199ad,weather,201.115.215.185,JSESSIONID=5zus07lc1modr4agujtl9bnbwp8rbvo
84530f19-609f-31b2-b43c-4f9578ba420e,weather,192.31.234.170,JSESSIONID=9al5tjuujxpd37eyxfouusv24wj9atn
74cf2899-6850-317c-a415-a0f5d802c1e3,weather,192.31.35.164,JSESSIONID=ty3arys1qqvgz18b3ne6izd7o6tca9j
57f409d7-7534-3c81-b2a4-82ecc32ce244,weather,192.173.25.93,JSESSIONID=1imnaev9ei8hzuw06exet9d36tg5qix
bdb6d6fa-bf7d-3912-a7b7-6c14da9b618b,weather,203.25.113.244,JSESSIONID=nt2ge2l3kxnfwd2r7gp8q8igwjx6uml
385be1a1-332d-3e6a-a99f-f1cce11c587d,weather,198.3.196.170,JSESSIONID=ghvvtx4ro12lhw1gj57iym12u32zzmr
f8e4277c-c4d3-34d2-9a72-6c29c4508935,weather,192.31.133.23,JSESSIONID=im7yy6znkiedabei6he3xboz6a5qobt
095edb99-8c28-3e4d-a023-6a927ee4ddaf,weather,132.162.100.74,JSESSIONID=q4wdmc3apbtqnez7xqd54njfftu074p
ec12d4aa-b7c3-3b6b-8aec-01ea20bf9255,weather,192.24.170.12,JSESSIONID=4mydlqkbv70m3ze827fue2glo6igtqz
2133849c-0b8d-3539-99c0-a96e41ab6f3e,map,192.52.205.130,JSESSIONID=nmaz1259jowusygoz5saij84u4opzfo
3cc2cb98-1a17-30d8-9118-8eac5489849f,map,192.18.181.255,JSESSIONID=cyb8xoezutx12syqsot2okf9icbehh3
e31ef0f3-37a7-3dbb-93f9-1159d2352d7f,map,192.168.245.214,JSESSIONID=ckjm9xqgozkm5zsmcfv9isr3bersric
ece22aeb-d76c-3f52-9271-789b7826b55e,map,192.31.175.25,JSESSIONID=3vcouc4ktqbm0hgh6cks76dx983h1wa
483921b7-49a0-3bc0-8b00-fcb3f948d2bf,map,192.0.234.179,JSESSIONID=6s85zl49egjkcbetb33zw898vttb2q5
de153f03-8150-3bd4-8be8-1130ba709197,map,198.51.116.132,JSESSIONID=8j7fko77225jesb4sm7l4fr939xwgji
6de6aac3-baf3-3bd5-9f2d-b824c0c12342,map,203.0.97.238,JSESSIONID=ac4rkcyhwc4ql2zya35h0dy94lsq47t
8d689a64-cffc-301f-8759-c7750658c6d1,map,192.172.182.49,JSESSIONID=wf3kakdf3662sdz5bds8n895ygtiw5y
159e4442-72b4-37bf-9c64-50ece2e216e8,map,203.141.163.118,JSESSIONID=gnwyys56bq8qqs6wwknav0a6xoxpesq
66d8261b-f108-33d2-9d79-f6a5de3f7db4,map,168.28.48.158,JSESSIONID=fr74yv8bqt4ya1yypcildzljb4cv6wn
2133849c-0b8d-3539-99c0-a96e41ab6f3e,places,192.52.205.130,JSESSIONID=nmaz1259jowusygoz5saij84u4opzfo
3cc2cb98-1a17-30d8-9118-8eac5489849f,places,192.18.181.255,JSESSIONID=cyb8xoezutx12syqsot2okf9icbehh3
e31ef0f3-37a7-3dbb-93f9-1159d2352d7f,places,192.168.245.214,JSESSIONID=ckjm9xqgozkm5zsmcfv9isr3bersric
ece22aeb-d76c-3f52-9271-789b7826b55e,places,192.31.175.25,JSESSIONID=3vcouc4ktqbm0hgh6cks76dx983h1wa
483921b7-49a0-3bc0-8b00-fcb3f948d2bf,places,192.0.234.179,JSESSIONID=6s85zl49egjkcbetb33zw898vttb2q5
de153f03-8150-3bd4-8be8-1130ba709197,places,198.51.116.132,JSESSIONID=8j7fko77225jesb4sm7l4fr939xwgji
6de6aac3-baf3-3bd5-9f2d-b824c0c12342,places,203.0.97.238,JSESSIONID=ac4rkcyhwc4ql2zya35h0dy94lsq47t
8d689a64-cffc-301f-8759-c7750658c6d1,places,192.172.182.49,JSESSIONID=wf3kakdf3662sdz5bds8n895ygtiw5y
159e4442-72b4-37bf-9c64-50ece2e216e8,places,203.141.163.118,JSESSIONID=gnwyys56bq8qqs6wwknav0a6xoxpesq
66d8261b-f108-33d2-9d79-f6a5de3f7db4,places,168.28.48.158,JSESSIONID=fr74yv8bqt4ya1yypcildzljb4cv6wn
2133849c-0b8d-3539-99c0-a96e41ab6f3e,weather,192.52.205.130,JSESSIONID=nmaz1259jowusygoz5saij84u4opzfo
3cc2cb98-1a17-30d8-9118-8eac5489849f,weather,192.18.181.255,JSESSIONID=cyb8xoezutx12syqsot2okf9icbehh3
e31ef0f3-37a7-3dbb-93f9-1159d2352d7f,weather,192.168.245.214,JSESSIONID=ckjm9xqgozkm5zsmcfv9isr3bersric
ece22aeb-d76c-3f52-9271-789b7826b55e,weather,192.31.175.25,JSESSIONID=3vcouc4ktqbm0hgh6cks76dx983h1wa
483921b7-49a0-3bc0-8b00-fcb3f948d2bf,weather,192.0.234.179,JSESSIONID=6s85zl49egjkcbetb33zw898vttb2q5
de153f03-8150-3bd4-8be8-1130ba709197,weather,198.51.116.132,JSESSIONID=8j7fko77225jesb4sm7l4fr939xwgji
6de6aac3-baf3-3bd5-9f2d-b824c0c12342,weather,203.0.97.238,JSESSIONID=ac4rkcyhwc4ql2zya35h0dy94lsq47t
8d689a64-cffc-301f-8759-c7750658c6d1,weather,192.172.182.49,JSESSIONID=wf3kakdf3662sdz5bds8n895ygtiw5y
159e4442-72b4-37bf-9c64-50ece2e216e8,weather,203.141.163.118,JSESSIONID=gnwyys56bq8qqs6wwknav0a6xoxpesq
66d8261b-f108-33d2-9d79-f6a5de3f7db4,weather,168.28.48.158,JSESSIONID=fr74yv8bqt4ya1yypcildzljb4cv6wn
2133849c-0b8d-3539-99c0-a96e41ab6f3e,payment,192.52.205.130,JSESSIONID=nmaz1259jowusygoz5saij84u4opzfo
3cc2cb98-1a17-30d8-9118-8eac5489849f,payment,192.18.181.255,JSESSIONID=cyb8xoezutx12syqsot2okf9icbehh3
e31ef0f3-37a7-3dbb-93f9-1159d2352d7f,payment,192.168.245.214,JSESSIONID=ckjm9xqgozkm5zsmcfv9isr3bersric
ece22aeb-d76c-3f52-9271-789b7826b55e,payment,192.31.175.25,JSESSIONID=3vcouc4ktqbm0hgh6cks76dx983h1wa
483921b7-49a0-3bc0-8b00-fcb3f948d2bf,payment,192.0.234.179,JSESSIONID=6s85zl49egjkcbetb33zw898vttb2q5
de153f03-8150-3bd4-8be8-1130ba709197,payment,198.51.116.132,JSESSIONID=8j7fko77225jesb4sm7l4fr939xwgji
6de6aac3-baf3-3bd5-9f2d-b824c0c12342,payment,203.0.97.238,JSESSIONID=ac4rkcyhwc4ql2zya35h0dy94lsq47t
8d689a64-cffc-301f-8759-c7750658c6d1,payment,192.172.182.49,JSESSIONID=wf3kakdf3662sdz5bds8n895ygtiw5y
159e4442-72b4-37bf-9c64-50ece2e216e8,payment,203.141.163.118,JSESSIONID=gnwyys56bq8qqs6wwknav0a6xoxpesq
66d8261b-f108-33d2-9d79-f6a5de3f7db4,payment,168.28.48.158,JSESSIONID=fr74yv8bqt4ya1yypcildzljb4cv6wn
2133849c-0b8d-3539-99c0-a96e41ab6f3e,payment,192.52.205.130,JSESSIONID=nmaz1259jowusygoz5saij84u4opzfo
3cc2cb98-1a17-30d8-9118-8eac5489849f,payment,192.18.181.255,JSESSIONID=cyb8xoezutx12syqsot2okf9icbehh3
e31ef0f3-37a7-3dbb-93f9-1159d2352d7f,payment,192.168.245.214,JSESSIONID=ckjm9xqgozkm5zsmcfv9isr3bersric
ece22aeb-d76c-3f52-9271-789b7826b55e,payment,192.31.175.25,JSESSIONID=3vcouc4ktqbm0hgh6cks76dx983h1wa
483921b7-49a0-3bc0-8b00-fcb3f948d2bf,payment,192.0.234.179,JSESSIONID=6s85zl49egjkcbetb33zw898vttb2q5
de153f03-8150-3bd4-8be8-1130ba709197,payment,198.51.116.132,JSESSIONID=8j7fko77225jesb4sm7l4fr939xwgji
6de6aac3-baf3-3bd5-9f2d-b824c0c12342,payment,203.0.97.238,JSESSIONID=ac4rkcyhwc4ql2zya35h0dy94lsq47t
8d689a64-cffc-301f-8759-c7750658c6d1,payment,192.172.182.49,JSESSIONID=wf3kakdf3662sdz5bds8n895ygtiw5y
159e4442-72b4-37bf-9c64-50ece2e216e8,payment,203.141.163.118,JSESSIONID=gnwyys56bq8qqs6wwknav0a6xoxpesq
66d8261b-f108-33d2-9d79-f6a5de3f7db4,payment,168.28.48.158,JSESSIONID=fr74yv8bqt4ya1yypcildzljb4cv6wn
8cfbef76-1c1c-373b-a8d5-49c8da7e6143,news,122.141.127.82,JSESSIONID=re6a2ocxislvaowmk8rvjgfd9dpy6nk
78670a0d-9d04-3865-97ac-65bd192d3a47,news,192.0.15.85,JSESSIONID=el62jub69negkb7vvapas11oginxvqx
c444becd-58e6-3d0f-9fc6-918a0354cba7,news,192.53.238.202,JSESSIONID=muqz4a81pnjpqoeghrn30huns1hsk5a
bf17a573-f005-3d3d-8772-7054f324726c,news,203.79.40.62,JSESSIONID=21lju0dyio04xyjye0ryrf8vtpmr1cr
04020f34-ad6e-362a-8087-a7dfae04fb83,news,203.224.102.195,JSESSIONID=lq0ia9f7lagd66ihyf3d57uvqxc0oac
8cfbef76-1c1c-373b-a8d5-49c8da7e6143,cricket,122.141.127.82,JSESSIONID=re6a2ocxislvaowmk8rvjgfd9dpy6nk
78670a0d-9d04-3865-97ac-65bd192d3a47,cricket,192.0.15.85,JSESSIONID=el62jub69negkb7vvapas11oginxvqx
c444becd-58e6-3d0f-9fc6-918a0354cba7,cricket,192.53.238.202,JSESSIONID=muqz4a81pnjpqoeghrn30huns1hsk5a
bf17a573-f005-3d3d-8772-7054f324726c,cricket,203.79.40.62,JSESSIONID=21lju0dyio04xyjye0ryrf8vtpmr1cr
04020f34-ad6e-362a-8087-a7dfae04fb83,cricket,203.224.102.195,JSESSIONID=lq0ia9f7lagd66ihyf3d57uvqxc0oac
ed9dff8d-7b5f-3416-9761-42c567a13f33,news,192.175.43.188,JSESSIONID=agtwsj6i5ti192c59xafkj7rpm3ytrp
fd52b2bd-bdb2-3bfb-b7e1-d32bfea962c5,news,192.53.29.185,JSESSIONID=8zsm8stmedtd5u0o66ju5sq2d3ksp3s
0acfffa0-eabc-3217-9887-07bc9e306704,news,192.0.106.69,JSESSIONID=lh8awrljepxkk0q6gyirxi4f0vmuz1p
d495550a-1896-334b-8196-7b5c88e9804f,news,192.0.177.115,JSESSIONID=xejgnl2medn50u9yyq19nbdpa3ckce0
c1dc2316-9d26-3878-b1ff-22b678339ea8,news,203.64.116.62,JSESSIONID=ihxmocvwbj0wzzdc6dond5egiaxqeqv
1afc92b7-cc51-3226-a835-ba3b04c13498,news,203.100.78.235,JSESSIONID=tm9jmmkd7xj1gtf351ouwaekngmpc2s
7d0611e1-5651-3646-92cd-efca0a4a18d3,news,199.38.227.174,JSESSIONID=rzkgy6sjosqzbfel77n62uaktqxam3n
aa37306e-3ec5-385d-80af-7665968c307e,news,101.3.132.170,JSESSIONID=1ajwz6qeqpz6k4ctc5ti82uykv0d0ku
fa25c9c2-0ed0-3036-a511-8cc55144af67,news,192.0.24.107,JSESSIONID=gwacqgkv2ka56ke65bv8or5ana6bk1w
2f890843-b366-3c5d-a0f2-0e562265152c,news,169.248.143.124,JSESSIONID=dq9kdn5a1coxbqehub5s3t1hhrqlk7y
8611a0a7-f4b9-3941-95bf-6b1e4052a2fd,news,107.250.141.27,JSESSIONID=4flxo7wep1qtgczuv8wjh8w8budvlch
51658515-cefc-31fc-b5f4-93269dd22efc,news,192.67.207.64,JSESSIONID=38lp8h41tcadw8uhy636vzqvvkwz8ix
fea547bc-d6f6-3173-9fd4-ed06af9aeac5,news,192.13.158.73,JSESSIONID=57vv5rwb0ynxr7wyy5rbx0ll0f5v1zn
e754a4d3-264e-33b9-b77a-f8bcb46fe8b8,news,193.134.246.118,JSESSIONID=rk2ug9j5gzyenjphkyla625y1totonp
fa917227-e518-3dd6-bee3-75bd5f50b52d,news,192.90.92.241,JSESSIONID=32v1jvexpv6stjpslvdq97quippp0cj
0eebd21f-d01a-3a5d-8365-6b70c797b099,news,126.171.63.216,JSESSIONID=wjmuw5ieh9aelf24h5nnvapt3vrdb35
9984a307-b1c8-3d6c-b96e-e7ac6a0bde30,news,198.40.99.231,JSESSIONID=gz4mrnrqpgzt80s7b0cvvit7q8wqkxu
57a2547b-78d5-3184-b57d-08a2474d9a65,news,192.31.195.51,JSESSIONID=jhfkk2tk52yxlyn3ckvic5ncng30len
5438b62c-e007-3b05-bebe-53c395b90e53,news,192.31.130.175,JSESSIONID=o5u0wdt4ezmzkvxwqbdbpr2a3rb80jy
8c639db7-5614-3323-b796-524a0987dba0,news,203.46.131.126,JSESSIONID=r4064hpr39cdm9bhl89394ih9c4eu5o
1fd6d8f9-4596-3eb8-8616-38ffb709cd5d,news,192.174.8.102,JSESSIONID=kyu6lra3tgh653cbq4t9ov2qx6k7gv6
9322d115-5155-325d-bc75-d0cba74ac303,news,97.122.114.37,JSESSIONID=4uosej5sllebuolbgixitac33p7tvls
e916c9f8-4b38-3a97-9907-784f5f9a80da,news,172.158.157.122,JSESSIONID=q7f9biqbp0oxi9ux389xm3jfhq2q41n
23db6f23-5ac5-3305-b6c4-997022f95860,news,192.170.43.130,JSESSIONID=kbs577ox3s0z2kyuju9kjt4iyf1ucqf
2c7b43cd-eb99-3f79-959b-95c4caf7144f,news,192.0.32.239,JSESSIONID=328h22je126s4dgj0tvfrg9bqodinsm
da539fc7-e387-3ced-bc81-775604dc35f4,news,169.246.247.221,JSESSIONID=224x2vt64w6llexd5438i50an67golw
39ffbf3f-662c-3537-9e27-f6d08c39c36d,news,192.88.158.253,JSESSIONID=ji6k9v2km68ysapkt63o77lohnr4j25
7e95e30d-d949-301b-b6fa-a7ce6c0421cb,news,15.186.82.121,JSESSIONID=gyk75zgay9j5r5gl32x8pgg8g2i287e
4a2a8705-e00a-35f3-beec-f9cc3467fd3b,news,198.51.97.39,JSESSIONID=4g8a27271lhhu4n9auabjguiwpdgwfk
9d5a12d7-1862-36b4-ab17-0f4c3f73622c,news,51.217.157.141,JSESSIONID=32xr6um3opmik50xf6wre9ek6hwk2zu
74297aef-22cc-328f-b868-2b82c7f0e44b,news,192.2.142.119,JSESSIONID=gh5x6nzo83vykdzo19bsuix848eqf01
48756aca-b6b5-3833-98e4-1f9e3a693f1d,news,192.88.102.31,JSESSIONID=x3s0lpkp1u6bhvezyknrspu181yn28k
acf56c6c-33e2-3b17-adde-5ec08d891053,news,192.30.4.60,JSESSIONID=agp6jwlwohm9rg0i4ahck2ql1mgnlx3
32a92837-3bb1-36af-a82c-e68202cf6231,news,192.0.4.43,JSESSIONID=8zenu6otfgea7yv546517fm3pouedzc
d114be1e-aa75-34f9-b542-c8310d38534b,news,124.66.191.75,JSESSIONID=4qs9q93uiy3ok5ufu7xy2onamyp6hth
ed9dff8d-7b5f-3416-9761-42c567a13f33,cricket,192.175.43.188,JSESSIONID=agtwsj6i5ti192c59xafkj7rpm3ytrp
fd52b2bd-bdb2-3bfb-b7e1-d32bfea962c5,cricket,192.53.29.185,JSESSIONID=8zsm8stmedtd5u0o66ju5sq2d3ksp3s
0acfffa0-eabc-3217-9887-07bc9e306704,cricket,192.0.106.69,JSESSIONID=lh8awrljepxkk0q6gyirxi4f0vmuz1p
d495550a-1896-334b-8196-7b5c88e9804f,cricket,192.0.177.115,JSESSIONID=xejgnl2medn50u9yyq19nbdpa3ckce0
c1dc2316-9d26-3878-b1ff-22b678339ea8,cricket,203.64.116.62,JSESSIONID=ihxmocvwbj0wzzdc6dond5egiaxqeqv
1afc92b7-cc51-3226-a835-ba3b04c13498,cricket,203.100.78.235,JSESSIONID=tm9jmmkd7xj1gtf351ouwaekngmpc2s
7d0611e1-5651-3646-92cd-efca0a4a18d3,cricket,199.38.227.174,JSESSIONID=rzkgy6sjosqzbfel77n62uaktqxam3n
aa37306e-3ec5-385d-80af-7665968c307e,cricket,101.3.132.170,JSESSIONID=1ajwz6qeqpz6k4ctc5ti82uykv0d0ku
fa25c9c2-0ed0-3036-a511-8cc55144af67,cricket,192.0.24.107,JSESSIONID=gwacqgkv2ka56ke65bv8or5ana6bk1w
2f890843-b366-3c5d-a0f2-0e562265152c,cricket,169.248.143.124,JSESSIONID=dq9kdn5a1coxbqehub5s3t1hhrqlk7y
8611a0a7-f4b9-3941-95bf-6b1e4052a2fd,cricket,107.250.141.27,JSESSIONID=4flxo7wep1qtgczuv8wjh8w8budvlch
51658515-cefc-31fc-b5f4-93269dd22efc,cricket,192.67.207.64,JSESSIONID=38lp8h41tcadw8uhy636vzqvvkwz8ix
fea547bc-d6f6-3173-9fd4-ed06af9aeac5,cricket,192.13.158.73,JSESSIONID=57vv5rwb0ynxr7wyy5rbx0ll0f5v1zn
e754a4d3-264e-33b9-b77a-f8bcb46fe8b8,cricket,193.134.246.118,JSESSIONID=rk2ug9j5gzyenjphkyla625y1totonp
fa917227-e518-3dd6-bee3-75bd5f50b52d,cricket,192.90.92.241,JSESSIONID=32v1jvexpv6stjpslvdq97quippp0cj
0eebd21f-d01a-3a5d-8365-6b70c797b099,cricket,126.171.63.216,JSESSIONID=wjmuw5ieh9aelf24h5nnvapt3vrdb35
9984a307-b1c8-3d6c-b96e-e7ac6a0bde30,cricket,198.40.99.231,JSESSIONID=gz4mrnrqpgzt80s7b0cvvit7q8wqkxu
57a2547b-78d5-3184-b57d-08a2474d9a65,cricket,192.31.195.51,JSESSIONID=jhfkk2tk52yxlyn3ckvic5ncng30len
5438b62c-e007-3b05-bebe-53c395b90e53,cricket,192.31.130.175,JSESSIONID=o5u0wdt4ezmzkvxwqbdbpr2a3rb80jy
8c639db7-5614-3323-b796-524a0987dba0,cricket,203.46.131.126,JSESSIONID=r4064hpr39cdm9bhl89394ih9c4eu5o
1fd6d8f9-4596-3eb8-8616-38ffb709cd5d,cricket,192.174.8.102,JSESSIONID=kyu6lra3tgh653cbq4t9ov2qx6k7gv6
9322d115-5155-325d-bc75-d0cba74ac303,cricket,97.122.114.37,JSESSIONID=4uosej5sllebuolbgixitac33p7tvls
e916c9f8-4b38-3a97-9907-784f5f9a80da,cricket,172.158.157.122,JSESSIONID=q7f9biqbp0oxi9ux389xm3jfhq2q41n
23db6f23-5ac5-3305-b6c4-997022f95860,cricket,192.170.43.130,JSESSIONID=kbs577ox3s0z2kyuju9kjt4iyf1ucqf
2c7b43cd-eb99-3f79-959b-95c4caf7144f,cricket,192.0.32.239,JSESSIONID=328h22je126s4dgj0tvfrg9bqodinsm
da539fc7-e387-3ced-bc81-775604dc35f4,cricket,169.246.247.221,JSESSIONID=224x2vt64w6llexd5438i50an67golw
39ffbf3f-662c-3537-9e27-f6d08c39c36d,cricket,192.88.158.253,JSESSIONID=ji6k9v2km68ysapkt63o77lohnr4j25
7e95e30d-d949-301b-b6fa-a7ce6c0421cb,cricket,15.186.82.121,JSESSIONID=gyk75zgay9j5r5gl32x8pgg8g2i287e
4a2a8705-e00a-35f3-beec-f9cc3467fd3b,cricket,198.51.97.39,JSESSIONID=4g8a27271lhhu4n9auabjguiwpdgwfk
9d5a12d7-1862-36b4-ab17-0f4c3f73622c,cricket,51.217.157.141,JSESSIONID=32xr6um3opmik50xf6wre9ek6hwk2zu
74297aef-22cc-328f-b868-2b82c7f0e44b,cricket,192.2.142.119,JSESSIONID=gh5x6nzo83vykdzo19bsuix848eqf01
48756aca-b6b5-3833-98e4-1f9e3a693f1d,cricket,192.88.102.31,JSESSIONID=x3s0lpkp1u6bhvezyknrspu181yn28k
acf56c6c-33e2-3b17-adde-5ec08d891053,cricket,192.30.4.60,JSESSIONID=agp6jwlwohm9rg0i4ahck2ql1mgnlx3
32a92837-3bb1-36af-a82c-e68202cf6231,cricket,192.0.4.43,JSESSIONID=8zenu6otfgea7yv546517fm3pouedzc
d114be1e-aa75-34f9-b542-c8310d38534b,cricket,124.66.191.75,JSESSIONID=4qs9q93uiy3ok5ufu7xy2onamyp6hth
