no_of_requests,api_name,api_version,invoke_path,access_token,http_method,ip_address,user_cookie,app_name,username
1,news,1,menu,3a30f546-3716-35e9-8cf9-a3ccf16d2399,GET,192.88.172.103,JSESSIONID=1if1to93rtb7rwj2amdurhw579idsw3,Online Shopping,manuel100
3,news,1,menu,be988448-ad92-3415-bf67-a1f9f2056d4c,GET,203.47.159.148,JSESSIONID=2z44w5h9yxpionlxfaazv1vg69ks68h,Online Shopping,willie99
1,news,1,menu,9db88c20-74c9-39d2-a1ee-1f26fc0ba16a,GET,198.17.215.132,JSESSIONID=mbhqgo0lgmp9dl3zd08pkt90fyjqc7x,Online Shopping,wayne98
1,news,1,menu,b1ef8936-56a7-3984-95c4-c672009d8339,GET,200.182.239.152,JSESSIONID=cy310l4y9nrbbxep4kdj99lxa6c12hf,Online Shopping,nancy97
2,news,1,menu,870d1540-7482-39ed-98dd-549c77eb4316,GET,192.52.195.80,JSESSIONID=6zemmjvqxfnaot91eukk19yi4zqhggp,Online Shopping,christopher96
3,places,1,menu,3a30f546-3716-35e9-8cf9-a3ccf16d2399,GET,192.88.172.103,JSESSIONID=1if1to93rtb7rwj2amdurhw579idsw3,Online Shopping,manuel100
3,places,1,menu,be988448-ad92-3415-bf67-a1f9f2056d4c,GET,203.47.159.148,JSESSIONID=2z44w5h9yxpionlxfaazv1vg69ks68h,Online Shopping,willie99
1,places,1,menu,9db88c20-74c9-39d2-a1ee-1f26fc0ba16a,GET,198.17.215.132,JSESSIONID=mbhqgo0lgmp9dl3zd08pkt90fyjqc7x,Online Shopping,wayne98
3,places,1,menu,b1ef8936-56a7-3984-95c4-c672009d8339,GET,200.182.239.152,JSESSIONID=cy310l4y9nrbbxep4kdj99lxa6c12hf,Online Shopping,nancy97
4,places,1,menu,870d1540-7482-39ed-98dd-549c77eb4316,GET,192.52.195.80,JSESSIONID=6zemmjvqxfnaot91eukk19yi4zqhggp,Online Shopping,christopher96
26,news,1,menu,90a1a6f3-644a-33e9-a6a0-40977c1e8996,GET,169.205.159.12,JSESSIONID=bzxpw2kegvk1dh3wia2lej87bwc4h9m,Online Shopping,brandon95
40,news,1,menu,7d64cb5d-3b8b-330e-b953-eaf54fa726a6,GET,192.175.14.62,JSESSIONID=h0w78575u5aov4oyfj9egxaumvanomk,Online Shopping,marcia94
28,news,1,menu,65afb404-6b11-3507-bd38-b237f2a7c453,GET,168.206.149.100,JSESSIONID=z4u5zbi10b0zsa15ermnvqg7mlwdivf,Online Shopping,margaret93
40,news,1,menu,c834661e-a0b2-3e1d-8c3a-04f7bca74494,GET,192.88.68.162,JSESSIONID=2gxf2x23okgxkvbqcir0tpwhtvzyvx4,Online Shopping,maria92
40,news,1,menu,d0439c34-ad5c-3a21-9fec-67b234404e8c,GET,203.0.118.102,JSESSIONID=gex555su0jtic3fr6pmlatohcj0mqhx,Online Shopping,cynthia91
22,news,1,menu,607f1ce9-09de-3695-a8b8-f5f0f3a6e7bd,GET,192.52.194.193,JSESSIONID=kx6413cqe7wjznizdtj6qsfz5jp2mee,Online Shopping,erica75
26,news,1,menu,4f00da7d-aeba-3976-8b62-02ce0326a14d,GET,192.0.185.198,JSESSIONID=tm0xaox3moimmmj0v25q7abc7uofkoi,Online Shopping,jennifer74
24,news,1,menu,69ba887e-14af-31b0-86bd-3c3ea61f8de0,GET,169.224.49.226,JSESSIONID=gmrnn4re1kx8ron3sjolbhqgzs8xxf6,Online Shopping,debra73
26,news,1,menu,4a0d707e-8320-3f4a-9e81-38ba39375357,GET,192.3.4.184,JSESSIONID=flwwtuk0fvloy9qak5n9n9zmm822jop,Online Shopping,amy72
25,news,1,menu,788036d9-c5c0-38b0-b2cf-8887fd83a1e0,GET,192.52.197.26,JSESSIONID=5yz9bgmvjx4tjxgb84089olzqg3w4wq,Online Shopping,antonio71
36,news,1,menu,82dcca73-f2d6-31e0-8bb8-2a46e3370c8b,GET,100.3.228.255,JSESSIONID=zzhietgpjdsf87tycat0i15d1oahvuo,Online Shopping,gary70
24,news,1,menu,fac3e52b-3326-3e4c-8936-0db2a624e977,GET,192.0.5.159,JSESSIONID=nyagk8mjii1b4bh3ywb6t20efsenbeh,Online Shopping,michael69
23,news,1,menu,339366d9-d889-31c6-a02d-cc2ff02c5d3d,GET,192.0.28.173,JSESSIONID=px71lu0o8xyefcyyvae6t7pbbxljm68,Online Shopping,glenn68
34,news,1,menu,983f5bc6-bf72-3ba8-afff-71ffb404ae16,GET,192.170.110.212,JSESSIONID=she950xsp7kctpb2rr12jaadk8qoaib,Online Shopping,michael67
26,news,1,menu,fdca4d47-8f34-37f5-a00f-fa96353f2ed9,GET,198.61.128.28,JSESSIONID=3dxo7x4fn4b2ic6wzoty5vt5tmtz331,Online Shopping,danielle66
36,news,1,menu,8a0fb3cc-4923-3a60-aeb5-3496964f584c,GET,1.160.194.58,JSESSIONID=4dkqhlmb3cjhwjyg3ogfsm8geswnsyd,Online Shopping,devin65
40,news,1,menu,70682f28-f7d1-3626-ad4f-b5246b05b109,GET,198.59.139.79,JSESSIONID=r287m56jn6oxa288lktepfqkipnmvn1,Online Shopping,norma64
26,news,1,menu,191ed00c-818c-3fbb-8112-891ead3c054c,GET,192.65.201.191,JSESSIONID=55ts52sqx9pmq6ft8qw7rgn96pbtvpl,Online Shopping,jennifer63
20,news,1,menu,e7ecb05d-3f5d-3def-9cc1-c306b9d2184b,GET,198.50.166.77,JSESSIONID=m12zuyg3mmv8hcm1ra7n5sjlbe76h6r,Online Shopping,sue62
32,news,1,menu,158c7cbf-40ce-3fab-b820-cd8364032307,GET,203.2.114.147,JSESSIONID=gjwti6e0k79p6a0isqr3rg03ra6cx96,Online Shopping,alexander61
18,places,1,menu,90a1a6f3-644a-33e9-a6a0-40977c1e8996,GET,169.205.159.12,JSESSIONID=bzxpw2kegvk1dh3wia2lej87bwc4h9m,Online Shopping,brandon95
26,places,1,menu,7d64cb5d-3b8b-330e-b953-eaf54fa726a6,GET,192.175.14.62,JSESSIONID=h0w78575u5aov4oyfj9egxaumvanomk,Online Shopping,marcia94
25,places,1,menu,65afb404-6b11-3507-bd38-b237f2a7c453,GET,168.206.149.100,JSESSIONID=z4u5zbi10b0zsa15ermnvqg7mlwdivf,Online Shopping,margaret93
28,places,1,menu,c834661e-a0b2-3e1d-8c3a-04f7bca74494,GET,192.88.68.162,JSESSIONID=2gxf2x23okgxkvbqcir0tpwhtvzyvx4,Online Shopping,maria92
17,places,1,menu,d0439c34-ad5c-3a21-9fec-67b234404e8c,GET,203.0.118.102,JSESSIONID=gex555su0jtic3fr6pmlatohcj0mqhx,Online Shopping,cynthia91
25,places,1,menu,607f1ce9-09de-3695-a8b8-f5f0f3a6e7bd,GET,192.52.194.193,JSESSIONID=kx6413cqe7wjznizdtj6qsfz5jp2mee,Online Shopping,erica75
22,places,1,menu,4f00da7d-aeba-3976-8b62-02ce0326a14d,GET,192.0.185.198,JSESSIONID=tm0xaox3moimmmj0v25q7abc7uofkoi,Online Shopping,jennifer74
25,places,1,menu,69ba887e-14af-31b0-86bd-3c3ea61f8de0,GET,169.224.49.226,JSESSIONID=gmrnn4re1kx8ron3sjolbhqgzs8xxf6,Online Shopping,debra73
13,places,1,menu,4a0d707e-8320-3f4a-9e81-38ba39375357,GET,192.3.4.184,JSESSIONID=flwwtuk0fvloy9qak5n9n9zmm822jop,Online Shopping,amy72
28,places,1,menu,788036d9-c5c0-38b0-b2cf-8887fd83a1e0,GET,192.52.197.26,JSESSIONID=5yz9bgmvjx4tjxgb84089olzqg3w4wq,Online Shopping,antonio71
19,places,1,menu,82dcca73-f2d6-31e0-8bb8-2a46e3370c8b,GET,100.3.228.255,JSESSIONID=zzhietgpjdsf87tycat0i15d1oahvuo,Online Shopping,gary70
15,places,1,menu,fac3e52b-3326-3e4c-8936-0db2a624e977,GET,192.0.5.159,JSESSIONID=nyagk8mjii1b4bh3ywb6t20efsenbeh,Online Shopping,michael69
30,places,1,menu,339366d9-d889-31c6-a02d-cc2ff02c5d3d,GET,192.0.28.173,JSESSIONID=px71lu0o8xyefcyyvae6t7pbbxljm68,Online Shopping,glenn68
26,places,1,menu,983f5bc6-bf72-3ba8-afff-71ffb404ae16,GET,192.170.110.212,JSESSIONID=she950xsp7kctpb2rr12jaadk8qoaib,Online Shopping,michael67
11,places,1,menu,fdca4d47-8f34-37f5-a00f-fa96353f2ed9,GET,198.61.128.28,JSESSIONID=3dxo7x4fn4b2ic6wzoty5vt5tmtz331,Online Shopping,danielle66
18,places,1,menu,8a0fb3cc-4923-3a60-aeb5-3496964f584c,GET,1.160.194.58,JSESSIONID=4dkqhlmb3cjhwjyg3ogfsm8geswnsyd,Online Shopping,devin65
11,places,1,menu,70682f28-f7d1-3626-ad4f-b5246b05b109,GET,198.59.139.79,JSESSIONID=r287m56jn6oxa288lktepfqkipnmvn1,Online Shopping,norma64
14,places,1,menu,191ed00c-818c-3fbb-8112-891ead3c054c,GET,192.65.201.191,JSESSIONID=55ts52sqx9pmq6ft8qw7rgn96pbtvpl,Online Shopping,jennifer63
26,places,1,menu,e7ecb05d-3f5d-3def-9cc1-c306b9d2184b,GET,198.50.166.77,JSESSIONID=m12zuyg3mmv8hcm1ra7n5sjlbe76h6r,Online Shopping,sue62
16,places,1,menu,158c7cbf-40ce-3fab-b820-cd8364032307,GET,203.2.114.147,JSESSIONID=gjwti6e0k79p6a0isqr3rg03ra6cx96,Online Shopping,alexander61
5,payment,1,menu,90a1a6f3-644a-33e9-a6a0-40977c1e8996,GET,169.205.159.12,JSESSIONID=bzxpw2kegvk1dh3wia2lej87bwc4h9m,Online Shopping,brandon95
11,payment,1,menu,7d64cb5d-3b8b-330e-b953-eaf54fa726a6,GET,192.175.14.62,JSESSIONID=h0w78575u5aov4oyfj9egxaumvanomk,Online Shopping,marcia94
10,payment,1,menu,65afb404-6b11-3507-bd38-b237f2a7c453,GET,168.206.149.100,JSESSIONID=z4u5zbi10b0zsa15ermnvqg7mlwdivf,Online Shopping,margaret93
10,payment,1,menu,c834661e-a0b2-3e1d-8c3a-04f7bca74494,GET,192.88.68.162,JSESSIONID=2gxf2x23okgxkvbqcir0tpwhtvzyvx4,Online Shopping,maria92
4,payment,1,menu,d0439c34-ad5c-3a21-9fec-67b234404e8c,GET,203.0.118.102,JSESSIONID=gex555su0jtic3fr6pmlatohcj0mqhx,Online Shopping,cynthia91
6,payment,1,menu,607f1ce9-09de-3695-a8b8-f5f0f3a6e7bd,GET,192.52.194.193,JSESSIONID=kx6413cqe7wjznizdtj6qsfz5jp2mee,Online Shopping,erica75
13,payment,1,menu,4f00da7d-aeba-3976-8b62-02ce0326a14d,GET,192.0.185.198,JSESSIONID=tm0xaox3moimmmj0v25q7abc7uofkoi,Online Shopping,jennifer74
11,payment,1,menu,69ba887e-14af-31b0-86bd-3c3ea61f8de0,GET,169.224.49.226,JSESSIONID=gmrnn4re1kx8ron3sjolbhqgzs8xxf6,Online Shopping,debra73
4,payment,1,menu,4a0d707e-8320-3f4a-9e81-38ba39375357,GET,192.3.4.184,JSESSIONID=flwwtuk0fvloy9qak5n9n9zmm822jop,Online Shopping,amy72
3,payment,1,menu,788036d9-c5c0-38b0-b2cf-8887fd83a1e0,GET,192.52.197.26,JSESSIONID=5yz9bgmvjx4tjxgb84089olzqg3w4wq,Online Shopping,antonio71
2,payment,1,menu,82dcca73-f2d6-31e0-8bb8-2a46e3370c8b,GET,100.3.228.255,JSESSIONID=zzhietgpjdsf87tycat0i15d1oahvuo,Online Shopping,gary70
2,payment,1,menu,fac3e52b-3326-3e4c-8936-0db2a624e977,GET,192.0.5.159,JSESSIONID=nyagk8mjii1b4bh3ywb6t20efsenbeh,Online Shopping,michael69
2,payment,1,menu,339366d9-d889-31c6-a02d-cc2ff02c5d3d,GET,192.0.28.173,JSESSIONID=px71lu0o8xyefcyyvae6t7pbbxljm68,Online Shopping,glenn68
2,payment,1,menu,983f5bc6-bf72-3ba8-afff-71ffb404ae16,GET,192.170.110.212,JSESSIONID=she950xsp7kctpb2rr12jaadk8qoaib,Online Shopping,michael67
2,payment,1,menu,fdca4d47-8f34-37f5-a00f-fa96353f2ed9,GET,198.61.128.28,JSESSIONID=3dxo7x4fn4b2ic6wzoty5vt5tmtz331,Online Shopping,danielle66
3,payment,1,menu,8a0fb3cc-4923-3a60-aeb5-3496964f584c,GET,1.160.194.58,JSESSIONID=4dkqhlmb3cjhwjyg3ogfsm8geswnsyd,Online Shopping,devin65
12,payment,1,menu,70682f28-f7d1-3626-ad4f-b5246b05b109,GET,198.59.139.79,JSESSIONID=r287m56jn6oxa288lktepfqkipnmvn1,Online Shopping,norma64
11,payment,1,menu,191ed00c-818c-3fbb-8112-891ead3c054c,GET,192.65.201.191,JSESSIONID=55ts52sqx9pmq6ft8qw7rgn96pbtvpl,Online Shopping,jennifer63
9,payment,1,menu,e7ecb05d-3f5d-3def-9cc1-c306b9d2184b,GET,198.50.166.77,JSESSIONID=m12zuyg3mmv8hcm1ra7n5sjlbe76h6r,Online Shopping,sue62
12,payment,1,menu,158c7cbf-40ce-3fab-b820-cd8364032307,GET,203.2.114.147,JSESSIONID=gjwti6e0k79p6a0isqr3rg03ra6cx96,Online Shopping,alexander61
5,payment,1,order,90a1a6f3-644a-33e9-a6a0-40977c1e8996,POST,169.205.159.12,JSESSIONID=bzxpw2kegvk1dh3wia2lej87bwc4h9m,Online Shopping,brandon95
13,payment,1,order,7d64cb5d-3b8b-330e-b953-eaf54fa726a6,POST,192.175.14.62,JSESSIONID=h0w78575u5aov4oyfj9egxaumvanomk,Online Shopping,marcia94
10,payment,1,order,65afb404-6b11-3507-bd38-b237f2a7c453,POST,168.206.149.100,JSESSIONID=z4u5zbi10b0zsa15ermnvqg7mlwdivf,Online Shopping,margaret93
6,payment,1,order,c834661e-a0b2-3e1d-8c3a-04f7bca74494,POST,192.88.68.162,JSESSIONID=2gxf2x23okgxkvbqcir0tpwhtvzyvx4,Online Shopping,maria92
13,payment,1,order,d0439c34-ad5c-3a21-9fec-67b234404e8c,POST,203.0.118.102,JSESSIONID=gex555su0jtic3fr6pmlatohcj0mqhx,Online Shopping,cynthia91
6,payment,1,order,607f1ce9-09de-3695-a8b8-f5f0f3a6e7bd,POST,192.52.194.193,JSESSIONID=kx6413cqe7wjznizdtj6qsfz5jp2mee,Online Shopping,erica75
5,payment,1,order,4f00da7d-aeba-3976-8b62-02ce0326a14d,POST,192.0.185.198,JSESSIONID=tm0xaox3moimmmj0v25q7abc7uofkoi,Online Shopping,jennifer74
5,payment,1,order,69ba887e-14af-31b0-86bd-3c3ea61f8de0,POST,169.224.49.226,JSESSIONID=gmrnn4re1kx8ron3sjolbhqgzs8xxf6,Online Shopping,debra73
9,payment,1,order,4a0d707e-8320-3f4a-9e81-38ba39375357,POST,192.3.4.184,JSESSIONID=flwwtuk0fvloy9qak5n9n9zmm822jop,Online Shopping,amy72
12,payment,1,order,788036d9-c5c0-38b0-b2cf-8887fd83a1e0,POST,192.52.197.26,JSESSIONID=5yz9bgmvjx4tjxgb84089olzqg3w4wq,Online Shopping,antonio71
3,payment,1,order,82dcca73-f2d6-31e0-8bb8-2a46e3370c8b,POST,100.3.228.255,JSESSIONID=zzhietgpjdsf87tycat0i15d1oahvuo,Online Shopping,gary70
11,payment,1,order,fac3e52b-3326-3e4c-8936-0db2a624e977,POST,192.0.5.159,JSESSIONID=nyagk8mjii1b4bh3ywb6t20efsenbeh,Online Shopping,michael69
12,payment,1,order,339366d9-d889-31c6-a02d-cc2ff02c5d3d,POST,192.0.28.173,JSESSIONID=px71lu0o8xyefcyyvae6t7pbbxljm68,Online Shopping,glenn68
12,payment,1,order,983f5bc6-bf72-3ba8-afff-71ffb404ae16,POST,192.170.110.212,JSESSIONID=she950xsp7kctpb2rr12jaadk8qoaib,Online Shopping,michael67
8,payment,1,order,fdca4d47-8f34-37f5-a00f-fa96353f2ed9,POST,198.61.128.28,JSESSIONID=3dxo7x4fn4b2ic6wzoty5vt5tmtz331,Online Shopping,danielle66
12,payment,1,order,8a0fb3cc-4923-3a60-aeb5-3496964f584c,POST,1.160.194.58,JSESSIONID=4dkqhlmb3cjhwjyg3ogfsm8geswnsyd,Online Shopping,devin65
11,payment,1,order,70682f28-f7d1-3626-ad4f-b5246b05b109,POST,198.59.139.79,JSESSIONID=r287m56jn6oxa288lktepfqkipnmvn1,Online Shopping,norma64
10,payment,1,order,191ed00c-818c-3fbb-8112-891ead3c054c,POST,192.65.201.191,JSESSIONID=55ts52sqx9pmq6ft8qw7rgn96pbtvpl,Online Shopping,jennifer63
4,payment,1,order,e7ecb05d-3f5d-3def-9cc1-c306b9d2184b,POST,198.50.166.77,JSESSIONID=m12zuyg3mmv8hcm1ra7n5sjlbe76h6r,Online Shopping,sue62
2,payment,1,order,158c7cbf-40ce-3fab-b820-cd8364032307,POST,203.2.114.147,JSESSIONID=gjwti6e0k79p6a0isqr3rg03ra6cx96,Online Shopping,alexander61
10,news,1,menu,a37bab45-3d6f-3638-b98e-72a118bf2ffb,GET,192.27.97.141,JSESSIONID=hfbsvf0zejpo02np009yz7d16oa8igc,Online Shopping,jennifer15
9,news,1,menu,1d036255-d8db-3710-a370-41fa0a29f4b8,GET,100.38.108.5,JSESSIONID=yh53bu9rsc4mfev1n0s9b6ww0layj9v,Online Shopping,joseph14
9,news,1,menu,c3bd6aca-d639-3176-b787-e88ee8db2a0a,GET,192.31.234.78,JSESSIONID=gmt7q9ssbblzqpspah757fi3sd1zmii,Online Shopping,joseph13
9,news,1,menu,f36599da-5268-3031-b6b6-ee9972bc1a3c,GET,169.137.200.114,JSESSIONID=j7s5906f1m6qhf7h2da07r9lkldlfg2,Online Shopping,andrew12
8,news,1,menu,d1652e98-f1ee-321b-8772-a18c392e0737,GET,198.48.185.183,JSESSIONID=1pw9qgh015o33d2f12xy7om3bbkc5m3,Online Shopping,andre11
15,places,1,menu,a37bab45-3d6f-3638-b98e-72a118bf2ffb,GET,192.27.97.141,JSESSIONID=hfbsvf0zejpo02np009yz7d16oa8igc,Online Shopping,jennifer15
13,places,1,menu,1d036255-d8db-3710-a370-41fa0a29f4b8,GET,100.38.108.5,JSESSIONID=yh53bu9rsc4mfev1n0s9b6ww0layj9v,Online Shopping,joseph14
14,places,1,menu,c3bd6aca-d639-3176-b787-e88ee8db2a0a,GET,192.31.234.78,JSESSIONID=gmt7q9ssbblzqpspah757fi3sd1zmii,Online Shopping,joseph13
17,places,1,menu,f36599da-5268-3031-b6b6-ee9972bc1a3c,GET,169.137.200.114,JSESSIONID=j7s5906f1m6qhf7h2da07r9lkldlfg2,Online Shopping,andrew12
17,places,1,menu,d1652e98-f1ee-321b-8772-a18c392e0737,GET,198.48.185.183,JSESSIONID=1pw9qgh015o33d2f12xy7om3bbkc5m3,Online Shopping,andre11
8,payment,1,menu,a37bab45-3d6f-3638-b98e-72a118bf2ffb,GET,192.27.97.141,JSESSIONID=hfbsvf0zejpo02np009yz7d16oa8igc,Online Shopping,jennifer15
6,payment,1,menu,1d036255-d8db-3710-a370-41fa0a29f4b8,GET,100.38.108.5,JSESSIONID=yh53bu9rsc4mfev1n0s9b6ww0layj9v,Online Shopping,joseph14
6,payment,1,menu,c3bd6aca-d639-3176-b787-e88ee8db2a0a,GET,192.31.234.78,JSESSIONID=gmt7q9ssbblzqpspah757fi3sd1zmii,Online Shopping,joseph13
9,payment,1,menu,f36599da-5268-3031-b6b6-ee9972bc1a3c,GET,169.137.200.114,JSESSIONID=j7s5906f1m6qhf7h2da07r9lkldlfg2,Online Shopping,andrew12
8,payment,1,menu,d1652e98-f1ee-321b-8772-a18c392e0737,GET,198.48.185.183,JSESSIONID=1pw9qgh015o33d2f12xy7om3bbkc5m3,Online Shopping,andre11
4,payment,1,order,a37bab45-3d6f-3638-b98e-72a118bf2ffb,POST,192.27.97.141,JSESSIONID=hfbsvf0zejpo02np009yz7d16oa8igc,Online Shopping,jennifer15
6,payment,1,order,1d036255-d8db-3710-a370-41fa0a29f4b8,POST,100.38.108.5,JSESSIONID=yh53bu9rsc4mfev1n0s9b6ww0layj9v,Online Shopping,joseph14
4,payment,1,order,c3bd6aca-d639-3176-b787-e88ee8db2a0a,POST,192.31.234.78,JSESSIONID=gmt7q9ssbblzqpspah757fi3sd1zmii,Online Shopping,joseph13
2,payment,1,order,f36599da-5268-3031-b6b6-ee9972bc1a3c,POST,169.137.200.114,JSESSIONID=j7s5906f1m6qhf7h2da07r9lkldlfg2,Online Shopping,andrew12
5,payment,1,order,d1652e98-f1ee-321b-8772-a18c392e0737,POST,198.48.185.183,JSESSIONID=1pw9qgh015o33d2f12xy7om3bbkc5m3,Online Shopping,andre11
47,news,1,menu,52b93d5a-3ab4-31d2-8c49-dd043a848093,GET,192.31.192.154,JSESSIONID=jsqh2rzmo9xwvoa0mq1mwlfvcef11v6,Online Shopping,michael10
48,news,1,menu,303d1fc6-3856-32f8-990f-17e532bcf187,GET,198.51.97.202,JSESSIONID=6kmn6tq921pbjtmwu6sdnbikb2mypeb,Online Shopping,andrew9
49,news,1,menu,79e7f818-9ba6-305b-84f2-ef3ca7564143,GET,198.32.7.46,JSESSIONID=kbe280thurrvnuilwgfh889wj15ogbg,Online Shopping,ruben8
49,news,1,menu,95b626e7-9f6e-317b-9f28-a40c4f3e5978,GET,203.229.61.136,JSESSIONID=5n3q9bfmcc459v9fb3p7vlkhibggip4,Online Shopping,laura7
49,news,1,menu,1aa799b2-022f-3389-8199-48f9400faf12,GET,175.183.12.40,JSESSIONID=wg8aljysyko4x4xn9hfj3tgg6udv3u2,Online Shopping,ricky6
49,news,1,menu,fb765857-319a-3bcc-885d-ed130d002283,GET,13.116.190.101,JSESSIONID=ccj4xqfmtvjjhpz1f78067w1jpm083g,Online Shopping,ronald5
47,news,1,menu,306271ad-ce82-32f1-86d0-da3ac2389471,GET,192.31.222.216,JSESSIONID=14e960dk04syztawlrdldupz7h66shr,Online Shopping,michael4
50,news,1,menu,2b7d57eb-b272-33dd-a02b-7a34145677f3,GET,192.3.183.135,JSESSIONID=righe4rs8km1esaqvp01p3ynuiuh9ge,Online Shopping,anthony3
45,news,1,menu,7d598897-71ce-32a7-8af4-87fd7ba618de,GET,198.51.42.207,JSESSIONID=kgw2ew5dyu6a3vihgnlt2lnngpyej6c,Online Shopping,theresa2
51,news,1,menu,9c91765b-b1fc-378c-ba24-2f9f315daafb,GET,203.1.144.251,JSESSIONID=ul11e8ykyg6yj211x6jeaqid15sz34a,Online Shopping,douglas1
31,places,1,menu,52b93d5a-3ab4-31d2-8c49-dd043a848093,GET,192.31.192.154,JSESSIONID=jsqh2rzmo9xwvoa0mq1mwlfvcef11v6,Online Shopping,michael10
33,places,1,menu,303d1fc6-3856-32f8-990f-17e532bcf187,GET,198.51.97.202,JSESSIONID=6kmn6tq921pbjtmwu6sdnbikb2mypeb,Online Shopping,andrew9
35,places,1,menu,79e7f818-9ba6-305b-84f2-ef3ca7564143,GET,198.32.7.46,JSESSIONID=kbe280thurrvnuilwgfh889wj15ogbg,Online Shopping,ruben8
29,places,1,menu,95b626e7-9f6e-317b-9f28-a40c4f3e5978,GET,203.229.61.136,JSESSIONID=5n3q9bfmcc459v9fb3p7vlkhibggip4,Online Shopping,laura7
27,places,1,menu,1aa799b2-022f-3389-8199-48f9400faf12,GET,175.183.12.40,JSESSIONID=wg8aljysyko4x4xn9hfj3tgg6udv3u2,Online Shopping,ricky6
25,places,1,menu,fb765857-319a-3bcc-885d-ed130d002283,GET,13.116.190.101,JSESSIONID=ccj4xqfmtvjjhpz1f78067w1jpm083g,Online Shopping,ronald5
30,places,1,menu,306271ad-ce82-32f1-86d0-da3ac2389471,GET,192.31.222.216,JSESSIONID=14e960dk04syztawlrdldupz7h66shr,Online Shopping,michael4
25,places,1,menu,2b7d57eb-b272-33dd-a02b-7a34145677f3,GET,192.3.183.135,JSESSIONID=righe4rs8km1esaqvp01p3ynuiuh9ge,Online Shopping,anthony3
26,places,1,menu,7d598897-71ce-32a7-8af4-87fd7ba618de,GET,198.51.42.207,JSESSIONID=kgw2ew5dyu6a3vihgnlt2lnngpyej6c,Online Shopping,theresa2
26,places,1,menu,9c91765b-b1fc-378c-ba24-2f9f315daafb,GET,203.1.144.251,JSESSIONID=ul11e8ykyg6yj211x6jeaqid15sz34a,Online Shopping,douglas1
9,map,1,menu,290b9d73-bbb1-3580-bf3b-5a9b41f05186,GET,192.88.172.103,JSESSIONID=1if1to93rtb7rwj2amdurhw579idsw3,Taxi,manuel100
11,map,1,menu,0b8812a4-ee7f-34b1-a821-6c884a8d3727,GET,203.47.159.148,JSESSIONID=2z44w5h9yxpionlxfaazv1vg69ks68h,Taxi,willie99
6,map,1,menu,2f330086-cad6-382d-8829-cd4c0328390d,GET,198.17.215.132,JSESSIONID=mbhqgo0lgmp9dl3zd08pkt90fyjqc7x,Taxi,wayne98
12,map,1,menu,432d0b1f-b125-3619-a545-265a131215b9,GET,200.182.239.152,JSESSIONID=cy310l4y9nrbbxep4kdj99lxa6c12hf,Taxi,nancy97
1,map,1,menu,47494ad8-4607-3a16-8b7e-f97da33f2edc,GET,192.52.195.80,JSESSIONID=6zemmjvqxfnaot91eukk19yi4zqhggp,Taxi,christopher96
10,map,1,menu,0b2e8150-7e68-3e66-891c-314c7aed311d,GET,169.205.159.12,JSESSIONID=bzxpw2kegvk1dh3wia2lej87bwc4h9m,Taxi,brandon95
11,map,1,menu,951b1568-139f-326b-9d0f-3497325476b8,GET,192.175.14.62,JSESSIONID=h0w78575u5aov4oyfj9egxaumvanomk,Taxi,marcia94
1,map,1,menu,06f657ad-123b-3eeb-95d3-739336436a1a,GET,168.206.149.100,JSESSIONID=z4u5zbi10b0zsa15ermnvqg7mlwdivf,Taxi,margaret93
10,map,1,menu,9fdae925-2f21-3cae-96c3-743d9931ecdf,GET,192.88.68.162,JSESSIONID=2gxf2x23okgxkvbqcir0tpwhtvzyvx4,Taxi,maria92
9,map,1,menu,4dade21f-67c5-3697-83dd-4a64163561be,GET,203.0.118.102,JSESSIONID=gex555su0jtic3fr6pmlatohcj0mqhx,Taxi,cynthia91
1,map,1,menu,64f6e170-6ff8-355a-af65-3317788d3349,GET,192.28.188.116,JSESSIONID=vfguvsrquubuk9f4szsaeaopg6w5nix,Taxi,sarah90
7,map,1,menu,d5596131-3848-3ab5-96b5-7c924ae3afb2,GET,192.52.209.116,JSESSIONID=acf8jlxtl9mqj4v0nnvrcirdxrd43fp,Taxi,kristen89
8,map,1,menu,ef6d0f0d-cb0c-3b6b-bdaa-2181bab748db,GET,198.192.139.123,JSESSIONID=a305ourjxwbbukq8gwcpijhklurt07o,Taxi,john88
12,map,1,menu,595821a2-1c16-3f92-9537-0a9389694d7f,GET,169.247.176.222,JSESSIONID=pj1m2mzcdqdbnsvr3ifpma7i1x68pe7,Taxi,leslie87
3,map,1,menu,02235fa7-2047-30b6-b4e6-31db1e11614f,GET,198.51.49.169,JSESSIONID=a0x6plxsn9voyedgs5ztlkvn66c5sxd,Taxi,marcus86
2,map,1,menu,7bef3aaa-bf02-3f23-8fcd-4acbbfd414a5,GET,192.52.198.68,JSESSIONID=faek0pmgzqmbwswupu41tj80znvx7or,Taxi,christopher85
9,map,1,menu,c1519ea3-e682-3dfe-b95b-aa96a49a5c24,GET,203.11.135.110,JSESSIONID=2u27zjmk6u339mgfncbwyrjkmews1ko,Taxi,justin84
2,map,1,menu,e3427589-bffe-338d-bfcb-a5c0f4c1d7d5,GET,192.165.96.145,JSESSIONID=v1tn4cqxvgppyeljszu7dmyjlr3f7kb,Taxi,thomas83
5,map,1,menu,68d14a72-f6b4-3c73-9262-aacd86313573,GET,112.255.211.19,JSESSIONID=v8bsoo2n5cugp7fcbhwn5wi5po9cu8q,Taxi,susan82
4,map,1,menu,f29d1894-66cc-3805-ae26-e2e7b78ce783,GET,203.16.140.52,JSESSIONID=t2roeo5i9r07879gn9ou21c8drqsexv,Taxi,roger81
2,places,1,menu,290b9d73-bbb1-3580-bf3b-5a9b41f05186,GET,192.88.172.103,JSESSIONID=1if1to93rtb7rwj2amdurhw579idsw3,Taxi,manuel100
4,places,1,menu,0b8812a4-ee7f-34b1-a821-6c884a8d3727,GET,203.47.159.148,JSESSIONID=2z44w5h9yxpionlxfaazv1vg69ks68h,Taxi,willie99
8,places,1,menu,2f330086-cad6-382d-8829-cd4c0328390d,GET,198.17.215.132,JSESSIONID=mbhqgo0lgmp9dl3zd08pkt90fyjqc7x,Taxi,wayne98
3,places,1,menu,432d0b1f-b125-3619-a545-265a131215b9,GET,200.182.239.152,JSESSIONID=cy310l4y9nrbbxep4kdj99lxa6c12hf,Taxi,nancy97
3,places,1,menu,47494ad8-4607-3a16-8b7e-f97da33f2edc,GET,192.52.195.80,JSESSIONID=6zemmjvqxfnaot91eukk19yi4zqhggp,Taxi,christopher96
4,places,1,menu,0b2e8150-7e68-3e66-891c-314c7aed311d,GET,169.205.159.12,JSESSIONID=bzxpw2kegvk1dh3wia2lej87bwc4h9m,Taxi,brandon95
1,places,1,menu,951b1568-139f-326b-9d0f-3497325476b8,GET,192.175.14.62,JSESSIONID=h0w78575u5aov4oyfj9egxaumvanomk,Taxi,marcia94
11,places,1,menu,06f657ad-123b-3eeb-95d3-739336436a1a,GET,168.206.149.100,JSESSIONID=z4u5zbi10b0zsa15ermnvqg7mlwdivf,Taxi,margaret93
5,places,1,menu,9fdae925-2f21-3cae-96c3-743d9931ecdf,GET,192.88.68.162,JSESSIONID=2gxf2x23okgxkvbqcir0tpwhtvzyvx4,Taxi,maria92
8,places,1,menu,4dade21f-67c5-3697-83dd-4a64163561be,GET,203.0.118.102,JSESSIONID=gex555su0jtic3fr6pmlatohcj0mqhx,Taxi,cynthia91
1,places,1,menu,64f6e170-6ff8-355a-af65-3317788d3349,GET,192.28.188.116,JSESSIONID=vfguvsrquubuk9f4szsaeaopg6w5nix,Taxi,sarah90
9,places,1,menu,d5596131-3848-3ab5-96b5-7c924ae3afb2,GET,192.52.209.116,JSESSIONID=acf8jlxtl9mqj4v0nnvrcirdxrd43fp,Taxi,kristen89
1,places,1,menu,ef6d0f0d-cb0c-3b6b-bdaa-2181bab748db,GET,198.192.139.123,JSESSIONID=a305ourjxwbbukq8gwcpijhklurt07o,Taxi,john88
8,places,1,menu,595821a2-1c16-3f92-9537-0a9389694d7f,GET,169.247.176.222,JSESSIONID=pj1m2mzcdqdbnsvr3ifpma7i1x68pe7,Taxi,leslie87
3,places,1,menu,02235fa7-2047-30b6-b4e6-31db1e11614f,GET,198.51.49.169,JSESSIONID=a0x6plxsn9voyedgs5ztlkvn66c5sxd,Taxi,marcus86
2,places,1,menu,7bef3aaa-bf02-3f23-8fcd-4acbbfd414a5,GET,192.52.198.68,JSESSIONID=faek0pmgzqmbwswupu41tj80znvx7or,Taxi,christopher85
6,places,1,menu,c1519ea3-e682-3dfe-b95b-aa96a49a5c24,GET,203.11.135.110,JSESSIONID=2u27zjmk6u339mgfncbwyrjkmews1ko,Taxi,justin84
8,places,1,menu,e3427589-bffe-338d-bfcb-a5c0f4c1d7d5,GET,192.165.96.145,JSESSIONID=v1tn4cqxvgppyeljszu7dmyjlr3f7kb,Taxi,thomas83
5,places,1,menu,68d14a72-f6b4-3c73-9262-aacd86313573,GET,112.255.211.19,JSESSIONID=v8bsoo2n5cugp7fcbhwn5wi5po9cu8q,Taxi,susan82
2,places,1,menu,f29d1894-66cc-3805-ae26-e2e7b78ce783,GET,203.16.140.52,JSESSIONID=t2roeo5i9r07879gn9ou21c8drqsexv,Taxi,roger81
6,weather,1,menu,290b9d73-bbb1-3580-bf3b-5a9b41f05186,GET,192.88.172.103,JSESSIONID=1if1to93rtb7rwj2amdurhw579idsw3,Taxi,manuel100
7,weather,1,menu,0b8812a4-ee7f-34b1-a821-6c884a8d3727,GET,203.47.159.148,JSESSIONID=2z44w5h9yxpionlxfaazv1vg69ks68h,Taxi,willie99
6,weather,1,menu,2f330086-cad6-382d-8829-cd4c0328390d,GET,198.17.215.132,JSESSIONID=mbhqgo0lgmp9dl3zd08pkt90fyjqc7x,Taxi,wayne98
12,weather,1,menu,432d0b1f-b125-3619-a545-265a131215b9,GET,200.182.239.152,JSESSIONID=cy310l4y9nrbbxep4kdj99lxa6c12hf,Taxi,nancy97
5,weather,1,menu,47494ad8-4607-3a16-8b7e-f97da33f2edc,GET,192.52.195.80,JSESSIONID=6zemmjvqxfnaot91eukk19yi4zqhggp,Taxi,christopher96
10,weather,1,menu,0b2e8150-7e68-3e66-891c-314c7aed311d,GET,169.205.159.12,JSESSIONID=bzxpw2kegvk1dh3wia2lej87bwc4h9m,Taxi,brandon95
3,weather,1,menu,951b1568-139f-326b-9d0f-3497325476b8,GET,192.175.14.62,JSESSIONID=h0w78575u5aov4oyfj9egxaumvanomk,Taxi,marcia94
11,weather,1,menu,06f657ad-123b-3eeb-95d3-739336436a1a,GET,168.206.149.100,JSESSIONID=z4u5zbi10b0zsa15ermnvqg7mlwdivf,Taxi,margaret93
12,weather,1,menu,9fdae925-2f21-3cae-96c3-743d9931ecdf,GET,192.88.68.162,JSESSIONID=2gxf2x23okgxkvbqcir0tpwhtvzyvx4,Taxi,maria92
3,weather,1,menu,4dade21f-67c5-3697-83dd-4a64163561be,GET,203.0.118.102,JSESSIONID=gex555su0jtic3fr6pmlatohcj0mqhx,Taxi,cynthia91
9,weather,1,menu,64f6e170-6ff8-355a-af65-3317788d3349,GET,192.28.188.116,JSESSIONID=vfguvsrquubuk9f4szsaeaopg6w5nix,Taxi,sarah90
5,weather,1,menu,d5596131-3848-3ab5-96b5-7c924ae3afb2,GET,192.52.209.116,JSESSIONID=acf8jlxtl9mqj4v0nnvrcirdxrd43fp,Taxi,kristen89
11,weather,1,menu,ef6d0f0d-cb0c-3b6b-bdaa-2181bab748db,GET,198.192.139.123,JSESSIONID=a305ourjxwbbukq8gwcpijhklurt07o,Taxi,john88
8,weather,1,menu,595821a2-1c16-3f92-9537-0a9389694d7f,GET,169.247.176.222,JSESSIONID=pj1m2mzcdqdbnsvr3ifpma7i1x68pe7,Taxi,leslie87
10,weather,1,menu,02235fa7-2047-30b6-b4e6-31db1e11614f,GET,198.51.49.169,JSESSIONID=a0x6plxsn9voyedgs5ztlkvn66c5sxd,Taxi,marcus86
3,weather,1,menu,7bef3aaa-bf02-3f23-8fcd-4acbbfd414a5,GET,192.52.198.68,JSESSIONID=faek0pmgzqmbwswupu41tj80znvx7or,Taxi,christopher85
9,weather,1,menu,c1519ea3-e682-3dfe-b95b-aa96a49a5c24,GET,203.11.135.110,JSESSIONID=2u27zjmk6u339mgfncbwyrjkmews1ko,Taxi,justin84
6,weather,1,menu,e3427589-bffe-338d-bfcb-a5c0f4c1d7d5,GET,192.165.96.145,JSESSIONID=v1tn4cqxvgppyeljszu7dmyjlr3f7kb,Taxi,thomas83
2,weather,1,menu,68d14a72-f6b4-3c73-9262-aacd86313573,GET,112.255.211.19,JSESSIONID=v8bsoo2n5cugp7fcbhwn5wi5po9cu8q,Taxi,susan82
9,weather,1,menu,f29d1894-66cc-3805-ae26-e2e7b78ce783,GET,203.16.140.52,JSESSIONID=t2roeo5i9r07879gn9ou21c8drqsexv,Taxi,roger81
57,map,1,menu,9777753f-5206-3cca-bdd4-9498d77f303e,GET,192.68.41.104,JSESSIONID=nwro0os6ttcex2h3c91ryffsiuqg4ny,Taxi,kimberly80
52,map,1,menu,0774696f-684d-3148-bf25-bb22923f80fa,GET,192.77.138.154,JSESSIONID=bdvai59jlkc7s04x2o0flsucrgilmd2,Taxi,connie79
39,map,1,menu,a7943d5a-3627-360b-89fd-f40d3d73c191,GET,198.49.0.235,JSESSIONID=se4rk21k0scpop5g58dfw3f36wrqcl2,Taxi,allison78
30,map,1,menu,46cc4fb7-0114-350f-b3a9-8c7d93284b87,GET,192.30.181.221,JSESSIONID=dc6ie57p6gkcv7x05p2ou2xg19x72ia,Taxi,anthony77
58,map,1,menu,690e254d-2918-31d2-8991-766f92b79d6b,GET,192.90.174.225,JSESSIONID=mwkvrw40uqmxkibw8pal8xz43n18tj2,Taxi,kristopher76
51,map,1,menu,41ffc4e2-e5b0-3dd6-9c70-bd4760af86f5,GET,100.3.228.255,JSESSIONID=zzhietgpjdsf87tycat0i15d1oahvuo,Taxi,gary70
36,map,1,menu,940e297e-dd31-3feb-a472-cbb79b3679ff,GET,192.0.5.159,JSESSIONID=nyagk8mjii1b4bh3ywb6t20efsenbeh,Taxi,michael69
70,map,1,menu,cfcd89c7-bd12-3de2-b750-74a6850bcb2e,GET,192.0.28.173,JSESSIONID=px71lu0o8xyefcyyvae6t7pbbxljm68,Taxi,glenn68
40,map,1,menu,ff3dc78f-9715-37de-8cc8-14fd5df458bf,GET,192.170.110.212,JSESSIONID=she950xsp7kctpb2rr12jaadk8qoaib,Taxi,michael67
52,map,1,menu,78c708de-7afe-336b-9043-97ca8566415d,GET,198.61.128.28,JSESSIONID=3dxo7x4fn4b2ic6wzoty5vt5tmtz331,Taxi,danielle66
54,map,1,menu,8a236a39-5746-36ca-975d-6d1cdf1da966,GET,1.160.194.58,JSESSIONID=4dkqhlmb3cjhwjyg3ogfsm8geswnsyd,Taxi,devin65
32,map,1,menu,7993a7a5-fd77-30bd-8a47-5d13eee74151,GET,198.59.139.79,JSESSIONID=r287m56jn6oxa288lktepfqkipnmvn1,Taxi,norma64
42,map,1,menu,aa76e6bf-1654-3a9d-b237-84df60ccb2c8,GET,192.65.201.191,JSESSIONID=55ts52sqx9pmq6ft8qw7rgn96pbtvpl,Taxi,jennifer63
50,map,1,menu,77174198-42db-37d5-b8a1-7e07b43c3f67,GET,198.50.166.77,JSESSIONID=m12zuyg3mmv8hcm1ra7n5sjlbe76h6r,Taxi,sue62
33,map,1,menu,1288ddaf-a6ca-3c5e-84b9-54fd7f74ffe9,GET,203.2.114.147,JSESSIONID=gjwti6e0k79p6a0isqr3rg03ra6cx96,Taxi,alexander61
60,map,1,menu,5e2f4b71-6921-3431-8732-a28e912c624d,GET,126.90.81.61,JSESSIONID=73d09qlnf1kvzcy7xm3cg051z0askd3,Taxi,nathan50
56,map,1,menu,00c78245-e736-3ed3-b19d-8d7ebd26c554,GET,192.31.102.46,JSESSIONID=jjpw4rml133imibqeeysljtbjivk8ph,Taxi,emily49
54,map,1,menu,586cd65f-146d-3ae9-bb16-fd082410af4a,GET,203.0.189.161,JSESSIONID=5vbbdh0fkutosx8bv30gmescwwyurph,Taxi,james48
61,map,1,menu,8c27d591-fe87-3405-a802-db261757691d,GET,192.175.41.18,JSESSIONID=tgzaw7epz8dj6i0zq5b6op4c61twsko,Taxi,craig47
55,map,1,menu,ebe883a0-2a33-3ca4-ae60-78b1350f8ff9,GET,103.103.18.84,JSESSIONID=19tngy0t82j1cjuvw2ww0omjs1q7xmj,Taxi,cameron46
34,map,1,menu,f9a21838-b677-3508-8989-ef3a340443bb,GET,192.52.244.117,JSESSIONID=7eeyr70ufzpmq6vcu30ccr5qgjsxaic,Taxi,mary45
64,map,1,menu,9ca27af2-a0e5-31d3-a74c-225e9d077295,GET,192.175.73.226,JSESSIONID=rmoc7a55207rblfmr53sju2ped696n1,Taxi,sally44
43,map,1,menu,01300760-9099-37e0-bcc4-5664cd372b90,GET,198.226.190.138,JSESSIONID=qkiou3ojwstkc3i4175v288lpw27ogg,Taxi,paige43
30,map,1,menu,85fe2f55-9239-322f-b12a-b20f8c8a12bf,GET,198.126.5.224,JSESSIONID=ttrsrqkmkhoxceklaq31uxzlw4s3qmt,Taxi,bradley42
48,map,1,menu,572f63b3-69a5-3048-8145-965a19ec22cc,GET,198.48.104.28,JSESSIONID=46szx1jv23ficweywnsyjotiqeqjdpe,Taxi,barbara41
59,map,1,menu,8ec132d6-9a67-332c-911b-b54ef24e4c6a,GET,198.50.206.210,JSESSIONID=hkxrhs3kanw1wycozjjijk3gdreeq0d,Taxi,angela40
51,map,1,menu,ee8d0cba-7173-327a-87fa-c132c65259c7,GET,198.51.101.64,JSESSIONID=423ytw20o6u3go13nvn6eopo67f3zly,Taxi,bianca39
65,map,1,menu,ddc1a40d-a8be-3290-84da-83c25bd9301a,GET,85.111.176.233,JSESSIONID=j2c67fzhvi94sy9furvt8p4tp07dnaw,Taxi,eric38
52,map,1,menu,dbafad77-5556-3aec-aa73-69143d23bc5b,GET,215.185.23.181,JSESSIONID=p7fsv7pnx47gbsa6i3i1xfsbsityfn8,Taxi,kellie37
54,map,1,menu,64063d29-f980-3980-acc5-539bfc2d18c3,GET,122.214.154.44,JSESSIONID=n9fx3234q30lyzgiza3py5rtda72z7k,Taxi,jessica36
50,map,1,menu,68462d0d-3689-31f1-9f3d-c776b7b3d7ae,GET,192.52.228.117,JSESSIONID=nvibrcu9sjot066f6j67xtg0qeyog0l,Taxi,daniel35
58,map,1,menu,f1f98be7-25bd-314c-b487-5959df97c69d,GET,12.93.8.102,JSESSIONID=vtzfgd1fho9t57vxvo1ukwrmdmeqzvk,Taxi,theodore34
36,map,1,menu,503f6093-f2e8-3d31-9cc4-7123984e8088,GET,192.83.54.176,JSESSIONID=k0z0odwp04vg37a3ymvyqm4j5talv66,Taxi,keith33
56,map,1,menu,02ce6159-5e52-363c-a97d-20a821bce39c,GET,192.0.3.242,JSESSIONID=ked3ofje6jlbzlkhdm9t6bb527qbzfk,Taxi,donald32
66,map,1,menu,ced16035-0120-3e34-85e5-ae79031278f6,GET,192.34.27.132,JSESSIONID=1pzw3u1pbkjp00fauwui8fsn8pyd1g1,Taxi,bradley31
59,map,1,menu,93f62393-360a-33e7-87e5-b30dcdea8cfd,GET,203.152.138.117,JSESSIONID=yt49t8zvtphoi3u18og9ua2o43e1i0g,Taxi,john30
54,map,1,menu,dbe358e8-7c5c-3fb2-a98b-325a19dd1a66,GET,169.243.8.190,JSESSIONID=ks2wtiqzwjsgwi1udv90cc8jis353uo,Taxi,richard29
34,map,1,menu,fe92eb05-30d8-3598-b936-edf7385e867f,GET,192.217.185.0,JSESSIONID=mgo0wfkjgfzmcwwcecvyto7h948f68f,Taxi,jacob28
38,map,1,menu,add5ebd9-dc59-3a78-8aa4-622950e5ceb7,GET,192.0.35.148,JSESSIONID=eas01oihcg6c0ygamtuy5jygvy8lsc5,Taxi,ashley27
36,map,1,menu,e3aaac61-454f-3ecb-af8b-46f81ffa3835,GET,192.88.97.237,JSESSIONID=svmavudf4lauq060m9si9imjig1c1vp,Taxi,joseph26
1,places,1,menu,9777753f-5206-3cca-bdd4-9498d77f303e,GET,192.68.41.104,JSESSIONID=nwro0os6ttcex2h3c91ryffsiuqg4ny,Taxi,kimberly80
12,places,1,menu,0774696f-684d-3148-bf25-bb22923f80fa,GET,192.77.138.154,JSESSIONID=bdvai59jlkc7s04x2o0flsucrgilmd2,Taxi,connie79
32,places,1,menu,a7943d5a-3627-360b-89fd-f40d3d73c191,GET,198.49.0.235,JSESSIONID=se4rk21k0scpop5g58dfw3f36wrqcl2,Taxi,allison78
9,places,1,menu,46cc4fb7-0114-350f-b3a9-8c7d93284b87,GET,192.30.181.221,JSESSIONID=dc6ie57p6gkcv7x05p2ou2xg19x72ia,Taxi,anthony77
17,places,1,menu,690e254d-2918-31d2-8991-766f92b79d6b,GET,192.90.174.225,JSESSIONID=mwkvrw40uqmxkibw8pal8xz43n18tj2,Taxi,kristopher76
31,places,1,menu,41ffc4e2-e5b0-3dd6-9c70-bd4760af86f5,GET,100.3.228.255,JSESSIONID=zzhietgpjdsf87tycat0i15d1oahvuo,Taxi,gary70
24,places,1,menu,940e297e-dd31-3feb-a472-cbb79b3679ff,GET,192.0.5.159,JSESSIONID=nyagk8mjii1b4bh3ywb6t20efsenbeh,Taxi,michael69
29,places,1,menu,cfcd89c7-bd12-3de2-b750-74a6850bcb2e,GET,192.0.28.173,JSESSIONID=px71lu0o8xyefcyyvae6t7pbbxljm68,Taxi,glenn68
3,places,1,menu,ff3dc78f-9715-37de-8cc8-14fd5df458bf,GET,192.170.110.212,JSESSIONID=she950xsp7kctpb2rr12jaadk8qoaib,Taxi,michael67
23,places,1,menu,78c708de-7afe-336b-9043-97ca8566415d,GET,198.61.128.28,JSESSIONID=3dxo7x4fn4b2ic6wzoty5vt5tmtz331,Taxi,danielle66
16,places,1,menu,8a236a39-5746-36ca-975d-6d1cdf1da966,GET,1.160.194.58,JSESSIONID=4dkqhlmb3cjhwjyg3ogfsm8geswnsyd,Taxi,devin65
21,places,1,menu,7993a7a5-fd77-30bd-8a47-5d13eee74151,GET,198.59.139.79,JSESSIONID=r287m56jn6oxa288lktepfqkipnmvn1,Taxi,norma64
10,places,1,menu,aa76e6bf-1654-3a9d-b237-84df60ccb2c8,GET,192.65.201.191,JSESSIONID=55ts52sqx9pmq6ft8qw7rgn96pbtvpl,Taxi,jennifer63
22,places,1,menu,77174198-42db-37d5-b8a1-7e07b43c3f67,GET,198.50.166.77,JSESSIONID=m12zuyg3mmv8hcm1ra7n5sjlbe76h6r,Taxi,sue62
35,places,1,menu,1288ddaf-a6ca-3c5e-84b9-54fd7f74ffe9,GET,203.2.114.147,JSESSIONID=gjwti6e0k79p6a0isqr3rg03ra6cx96,Taxi,alexander61
27,places,1,menu,5e2f4b71-6921-3431-8732-a28e912c624d,GET,126.90.81.61,JSESSIONID=73d09qlnf1kvzcy7xm3cg051z0askd3,Taxi,nathan50
17,places,1,menu,00c78245-e736-3ed3-b19d-8d7ebd26c554,GET,192.31.102.46,JSESSIONID=jjpw4rml133imibqeeysljtbjivk8ph,Taxi,emily49
25,places,1,menu,586cd65f-146d-3ae9-bb16-fd082410af4a,GET,203.0.189.161,JSESSIONID=5vbbdh0fkutosx8bv30gmescwwyurph,Taxi,james48
26,places,1,menu,8c27d591-fe87-3405-a802-db261757691d,GET,192.175.41.18,JSESSIONID=tgzaw7epz8dj6i0zq5b6op4c61twsko,Taxi,craig47
5,places,1,menu,ebe883a0-2a33-3ca4-ae60-78b1350f8ff9,GET,103.103.18.84,JSESSIONID=19tngy0t82j1cjuvw2ww0omjs1q7xmj,Taxi,cameron46
18,places,1,menu,f9a21838-b677-3508-8989-ef3a340443bb,GET,192.52.244.117,JSESSIONID=7eeyr70ufzpmq6vcu30ccr5qgjsxaic,Taxi,mary45
39,places,1,menu,9ca27af2-a0e5-31d3-a74c-225e9d077295,GET,192.175.73.226,JSESSIONID=rmoc7a55207rblfmr53sju2ped696n1,Taxi,sally44
19,places,1,menu,01300760-9099-37e0-bcc4-5664cd372b90,GET,198.226.190.138,JSESSIONID=qkiou3ojwstkc3i4175v288lpw27ogg,Taxi,paige43
11,places,1,menu,85fe2f55-9239-322f-b12a-b20f8c8a12bf,GET,198.126.5.224,JSESSIONID=ttrsrqkmkhoxceklaq31uxzlw4s3qmt,Taxi,bradley42
26,places,1,menu,572f63b3-69a5-3048-8145-965a19ec22cc,GET,198.48.104.28,JSESSIONID=46szx1jv23ficweywnsyjotiqeqjdpe,Taxi,barbara41
30,places,1,menu,8ec132d6-9a67-332c-911b-b54ef24e4c6a,GET,198.50.206.210,JSESSIONID=hkxrhs3kanw1wycozjjijk3gdreeq0d,Taxi,angela40
26,places,1,menu,ee8d0cba-7173-327a-87fa-c132c65259c7,GET,198.51.101.64,JSESSIONID=423ytw20o6u3go13nvn6eopo67f3zly,Taxi,bianca39
13,places,1,menu,ddc1a40d-a8be-3290-84da-83c25bd9301a,GET,85.111.176.233,JSESSIONID=j2c67fzhvi94sy9furvt8p4tp07dnaw,Taxi,eric38
31,places,1,menu,dbafad77-5556-3aec-aa73-69143d23bc5b,GET,215.185.23.181,JSESSIONID=p7fsv7pnx47gbsa6i3i1xfsbsityfn8,Taxi,kellie37
21,places,1,menu,64063d29-f980-3980-acc5-539bfc2d18c3,GET,122.214.154.44,JSESSIONID=n9fx3234q30lyzgiza3py5rtda72z7k,Taxi,jessica36
1,places,1,menu,68462d0d-3689-31f1-9f3d-c776b7b3d7ae,GET,192.52.228.117,JSESSIONID=nvibrcu9sjot066f6j67xtg0qeyog0l,Taxi,daniel35
35,places,1,menu,f1f98be7-25bd-314c-b487-5959df97c69d,GET,12.93.8.102,JSESSIONID=vtzfgd1fho9t57vxvo1ukwrmdmeqzvk,Taxi,theodore34
33,places,1,menu,503f6093-f2e8-3d31-9cc4-7123984e8088,GET,192.83.54.176,JSESSIONID=k0z0odwp04vg37a3ymvyqm4j5talv66,Taxi,keith33
10,places,1,menu,02ce6159-5e52-363c-a97d-20a821bce39c,GET,192.0.3.242,JSESSIONID=ked3ofje6jlbzlkhdm9t6bb527qbzfk,Taxi,donald32
29,places,1,menu,ced16035-0120-3e34-85e5-ae79031278f6,GET,192.34.27.132,JSESSIONID=1pzw3u1pbkjp00fauwui8fsn8pyd1g1,Taxi,bradley31
9,places,1,menu,93f62393-360a-33e7-87e5-b30dcdea8cfd,GET,203.152.138.117,JSESSIONID=yt49t8zvtphoi3u18og9ua2o43e1i0g,Taxi,john30
4,places,1,menu,dbe358e8-7c5c-3fb2-a98b-325a19dd1a66,GET,169.243.8.190,JSESSIONID=ks2wtiqzwjsgwi1udv90cc8jis353uo,Taxi,richard29
38,places,1,menu,fe92eb05-30d8-3598-b936-edf7385e867f,GET,192.217.185.0,JSESSIONID=mgo0wfkjgfzmcwwcecvyto7h948f68f,Taxi,jacob28
39,places,1,menu,add5ebd9-dc59-3a78-8aa4-622950e5ceb7,GET,192.0.35.148,JSESSIONID=eas01oihcg6c0ygamtuy5jygvy8lsc5,Taxi,ashley27
14,places,1,menu,e3aaac61-454f-3ecb-af8b-46f81ffa3835,GET,192.88.97.237,JSESSIONID=svmavudf4lauq060m9si9imjig1c1vp,Taxi,joseph26
1,weather,1,menu,9777753f-5206-3cca-bdd4-9498d77f303e,GET,192.68.41.104,JSESSIONID=nwro0os6ttcex2h3c91ryffsiuqg4ny,Taxi,kimberly80
38,weather,1,menu,0774696f-684d-3148-bf25-bb22923f80fa,GET,192.77.138.154,JSESSIONID=bdvai59jlkc7s04x2o0flsucrgilmd2,Taxi,connie79
29,weather,1,menu,a7943d5a-3627-360b-89fd-f40d3d73c191,GET,198.49.0.235,JSESSIONID=se4rk21k0scpop5g58dfw3f36wrqcl2,Taxi,allison78
38,weather,1,menu,46cc4fb7-0114-350f-b3a9-8c7d93284b87,GET,192.30.181.221,JSESSIONID=dc6ie57p6gkcv7x05p2ou2xg19x72ia,Taxi,anthony77
23,weather,1,menu,690e254d-2918-31d2-8991-766f92b79d6b,GET,192.90.174.225,JSESSIONID=mwkvrw40uqmxkibw8pal8xz43n18tj2,Taxi,kristopher76
20,weather,1,menu,41ffc4e2-e5b0-3dd6-9c70-bd4760af86f5,GET,100.3.228.255,JSESSIONID=zzhietgpjdsf87tycat0i15d1oahvuo,Taxi,gary70
33,weather,1,menu,940e297e-dd31-3feb-a472-cbb79b3679ff,GET,192.0.5.159,JSESSIONID=nyagk8mjii1b4bh3ywb6t20efsenbeh,Taxi,michael69
8,weather,1,menu,cfcd89c7-bd12-3de2-b750-74a6850bcb2e,GET,192.0.28.173,JSESSIONID=px71lu0o8xyefcyyvae6t7pbbxljm68,Taxi,glenn68
39,weather,1,menu,ff3dc78f-9715-37de-8cc8-14fd5df458bf,GET,192.170.110.212,JSESSIONID=she950xsp7kctpb2rr12jaadk8qoaib,Taxi,michael67
6,weather,1,menu,78c708de-7afe-336b-9043-97ca8566415d,GET,198.61.128.28,JSESSIONID=3dxo7x4fn4b2ic6wzoty5vt5tmtz331,Taxi,danielle66
33,weather,1,menu,8a236a39-5746-36ca-975d-6d1cdf1da966,GET,1.160.194.58,JSESSIONID=4dkqhlmb3cjhwjyg3ogfsm8geswnsyd,Taxi,devin65
2,weather,1,menu,7993a7a5-fd77-30bd-8a47-5d13eee74151,GET,198.59.139.79,JSESSIONID=r287m56jn6oxa288lktepfqkipnmvn1,Taxi,norma64
27,weather,1,menu,aa76e6bf-1654-3a9d-b237-84df60ccb2c8,GET,192.65.201.191,JSESSIONID=55ts52sqx9pmq6ft8qw7rgn96pbtvpl,Taxi,jennifer63
6,weather,1,menu,77174198-42db-37d5-b8a1-7e07b43c3f67,GET,198.50.166.77,JSESSIONID=m12zuyg3mmv8hcm1ra7n5sjlbe76h6r,Taxi,sue62
31,weather,1,menu,1288ddaf-a6ca-3c5e-84b9-54fd7f74ffe9,GET,203.2.114.147,JSESSIONID=gjwti6e0k79p6a0isqr3rg03ra6cx96,Taxi,alexander61
18,weather,1,menu,5e2f4b71-6921-3431-8732-a28e912c624d,GET,126.90.81.61,JSESSIONID=73d09qlnf1kvzcy7xm3cg051z0askd3,Taxi,nathan50
35,weather,1,menu,00c78245-e736-3ed3-b19d-8d7ebd26c554,GET,192.31.102.46,JSESSIONID=jjpw4rml133imibqeeysljtbjivk8ph,Taxi,emily49
40,weather,1,menu,586cd65f-146d-3ae9-bb16-fd082410af4a,GET,203.0.189.161,JSESSIONID=5vbbdh0fkutosx8bv30gmescwwyurph,Taxi,james48
29,weather,1,menu,8c27d591-fe87-3405-a802-db261757691d,GET,192.175.41.18,JSESSIONID=tgzaw7epz8dj6i0zq5b6op4c61twsko,Taxi,craig47
27,weather,1,menu,ebe883a0-2a33-3ca4-ae60-78b1350f8ff9,GET,103.103.18.84,JSESSIONID=19tngy0t82j1cjuvw2ww0omjs1q7xmj,Taxi,cameron46
31,weather,1,menu,f9a21838-b677-3508-8989-ef3a340443bb,GET,192.52.244.117,JSESSIONID=7eeyr70ufzpmq6vcu30ccr5qgjsxaic,Taxi,mary45
14,weather,1,menu,9ca27af2-a0e5-31d3-a74c-225e9d077295,GET,192.175.73.226,JSESSIONID=rmoc7a55207rblfmr53sju2ped696n1,Taxi,sally44
5,weather,1,menu,01300760-9099-37e0-bcc4-5664cd372b90,GET,198.226.190.138,JSESSIONID=qkiou3ojwstkc3i4175v288lpw27ogg,Taxi,paige43
23,weather,1,menu,85fe2f55-9239-322f-b12a-b20f8c8a12bf,GET,198.126.5.224,JSESSIONID=ttrsrqkmkhoxceklaq31uxzlw4s3qmt,Taxi,bradley42
10,weather,1,menu,572f63b3-69a5-3048-8145-965a19ec22cc,GET,198.48.104.28,JSESSIONID=46szx1jv23ficweywnsyjotiqeqjdpe,Taxi,barbara41
24,weather,1,menu,8ec132d6-9a67-332c-911b-b54ef24e4c6a,GET,198.50.206.210,JSESSIONID=hkxrhs3kanw1wycozjjijk3gdreeq0d,Taxi,angela40
34,weather,1,menu,ee8d0cba-7173-327a-87fa-c132c65259c7,GET,198.51.101.64,JSESSIONID=423ytw20o6u3go13nvn6eopo67f3zly,Taxi,bianca39
8,weather,1,menu,ddc1a40d-a8be-3290-84da-83c25bd9301a,GET,85.111.176.233,JSESSIONID=j2c67fzhvi94sy9furvt8p4tp07dnaw,Taxi,eric38
34,weather,1,menu,dbafad77-5556-3aec-aa73-69143d23bc5b,GET,215.185.23.181,JSESSIONID=p7fsv7pnx47gbsa6i3i1xfsbsityfn8,Taxi,kellie37
30,weather,1,menu,64063d29-f980-3980-acc5-539bfc2d18c3,GET,122.214.154.44,JSESSIONID=n9fx3234q30lyzgiza3py5rtda72z7k,Taxi,jessica36
18,weather,1,menu,68462d0d-3689-31f1-9f3d-c776b7b3d7ae,GET,192.52.228.117,JSESSIONID=nvibrcu9sjot066f6j67xtg0qeyog0l,Taxi,daniel35
39,weather,1,menu,f1f98be7-25bd-314c-b487-5959df97c69d,GET,12.93.8.102,JSESSIONID=vtzfgd1fho9t57vxvo1ukwrmdmeqzvk,Taxi,theodore34
10,weather,1,menu,503f6093-f2e8-3d31-9cc4-7123984e8088,GET,192.83.54.176,JSESSIONID=k0z0odwp04vg37a3ymvyqm4j5talv66,Taxi,keith33
6,weather,1,menu,02ce6159-5e52-363c-a97d-20a821bce39c,GET,192.0.3.242,JSESSIONID=ked3ofje6jlbzlkhdm9t6bb527qbzfk,Taxi,donald32
1,weather,1,menu,ced16035-0120-3e34-85e5-ae79031278f6,GET,192.34.27.132,JSESSIONID=1pzw3u1pbkjp00fauwui8fsn8pyd1g1,Taxi,bradley31
24,weather,1,menu,93f62393-360a-33e7-87e5-b30dcdea8cfd,GET,203.152.138.117,JSESSIONID=yt49t8zvtphoi3u18og9ua2o43e1i0g,Taxi,john30
5,weather,1,menu,dbe358e8-7c5c-3fb2-a98b-325a19dd1a66,GET,169.243.8.190,JSESSIONID=ks2wtiqzwjsgwi1udv90cc8jis353uo,Taxi,richard29
11,weather,1,menu,fe92eb05-30d8-3598-b936-edf7385e867f,GET,192.217.185.0,JSESSIONID=mgo0wfkjgfzmcwwcecvyto7h948f68f,Taxi,jacob28
5,weather,1,menu,add5ebd9-dc59-3a78-8aa4-622950e5ceb7,GET,192.0.35.148,JSESSIONID=eas01oihcg6c0ygamtuy5jygvy8lsc5,Taxi,ashley27
15,weather,1,menu,e3aaac61-454f-3ecb-af8b-46f81ffa3835,GET,192.88.97.237,JSESSIONID=svmavudf4lauq060m9si9imjig1c1vp,Taxi,joseph26
54,map,1,menu,b5f99e5d-1e48-3af3-b735-5dbaaf2d1fdc,GET,192.25.210.222,JSESSIONID=uex7xqpk8kzb4czjbpknky1imy78sbj,Taxi,david25
49,map,1,menu,b1c351be-eb8f-3af3-abe7-a1b40f43d0a8,GET,192.1.239.214,JSESSIONID=lqk6thdoffodgsff08sjgzk5q0tpld6,Taxi,brittany24
54,map,1,menu,1b8859e7-b56f-300b-a420-226f850afe48,GET,192.52.208.9,JSESSIONID=1bnnqz086hjna5cw1rrb30rmb76t1nn,Taxi,tracy23
47,map,1,menu,d39e32f3-e588-3bda-acb4-4d7de4636e05,GET,168.245.64.74,JSESSIONID=yq7w116ux0mcv3jskqbor8i0yrhbr2g,Taxi,melissa22
46,map,1,menu,6f16ecc5-557e-3399-aa45-65ea485beda9,GET,192.94.126.38,JSESSIONID=pb0gfvyp8ms0j79ivzuob8v437s7znl,Taxi,melissa21
52,map,1,menu,2a7f8ae0-4734-327c-8c49-a9d3285f2c38,GET,198.51.102.242,JSESSIONID=o5l68cbcft2azz14fr5fb5yoa4kx2io,Taxi,rebekah20
50,map,1,menu,12263f63-2624-3887-8e93-a78e940fe8b9,GET,203.0.105.44,JSESSIONID=gx9vsfqr9kk76g24v2glrdg4j24ia58,Taxi,patrick19
51,map,1,menu,c014a35e-9316-37b5-b3a2-a101dafd2e30,GET,95.135.38.108,JSESSIONID=5jy4cdfyi6yr7b551znwjer5g3igm1n,Taxi,melissa18
47,map,1,menu,897b0bb7-389d-3235-ab79-fde3bda3b399,GET,192.88.98.23,JSESSIONID=kp7qqsf5sqdbakkw8nmsqem2ezcfdlj,Taxi,stephen17
47,map,1,menu,f21fff1e-c85b-3edc-ab7d-cbe1efc3e4cb,GET,101.115.110.17,JSESSIONID=o3gyv5lqs3twud7yfjx3osr16lifqdk,Taxi,jacob16
16,places,1,menu,b5f99e5d-1e48-3af3-b735-5dbaaf2d1fdc,GET,192.25.210.222,JSESSIONID=uex7xqpk8kzb4czjbpknky1imy78sbj,Taxi,david25
21,places,1,menu,b1c351be-eb8f-3af3-abe7-a1b40f43d0a8,GET,192.1.239.214,JSESSIONID=lqk6thdoffodgsff08sjgzk5q0tpld6,Taxi,brittany24
20,places,1,menu,1b8859e7-b56f-300b-a420-226f850afe48,GET,192.52.208.9,JSESSIONID=1bnnqz086hjna5cw1rrb30rmb76t1nn,Taxi,tracy23
21,places,1,menu,d39e32f3-e588-3bda-acb4-4d7de4636e05,GET,168.245.64.74,JSESSIONID=yq7w116ux0mcv3jskqbor8i0yrhbr2g,Taxi,melissa22
21,places,1,menu,6f16ecc5-557e-3399-aa45-65ea485beda9,GET,192.94.126.38,JSESSIONID=pb0gfvyp8ms0j79ivzuob8v437s7znl,Taxi,melissa21
22,places,1,menu,2a7f8ae0-4734-327c-8c49-a9d3285f2c38,GET,198.51.102.242,JSESSIONID=o5l68cbcft2azz14fr5fb5yoa4kx2io,Taxi,rebekah20
19,places,1,menu,12263f63-2624-3887-8e93-a78e940fe8b9,GET,203.0.105.44,JSESSIONID=gx9vsfqr9kk76g24v2glrdg4j24ia58,Taxi,patrick19
22,places,1,menu,c014a35e-9316-37b5-b3a2-a101dafd2e30,GET,95.135.38.108,JSESSIONID=5jy4cdfyi6yr7b551znwjer5g3igm1n,Taxi,melissa18
22,places,1,menu,897b0bb7-389d-3235-ab79-fde3bda3b399,GET,192.88.98.23,JSESSIONID=kp7qqsf5sqdbakkw8nmsqem2ezcfdlj,Taxi,stephen17
25,places,1,menu,f21fff1e-c85b-3edc-ab7d-cbe1efc3e4cb,GET,101.115.110.17,JSESSIONID=o3gyv5lqs3twud7yfjx3osr16lifqdk,Taxi,jacob16
17,weather,1,menu,b5f99e5d-1e48-3af3-b735-5dbaaf2d1fdc,GET,192.25.210.222,JSESSIONID=uex7xqpk8kzb4czjbpknky1imy78sbj,Taxi,david25
23,weather,1,menu,b1c351be-eb8f-3af3-abe7-a1b40f43d0a8,GET,192.1.239.214,JSESSIONID=lqk6thdoffodgsff08sjgzk5q0tpld6,Taxi,brittany24
19,weather,1,menu,1b8859e7-b56f-300b-a420-226f850afe48,GET,192.52.208.9,JSESSIONID=1bnnqz086hjna5cw1rrb30rmb76t1nn,Taxi,tracy23
25,weather,1,menu,d39e32f3-e588-3bda-acb4-4d7de4636e05,GET,168.245.64.74,JSESSIONID=yq7w116ux0mcv3jskqbor8i0yrhbr2g,Taxi,melissa22
22,weather,1,menu,6f16ecc5-557e-3399-aa45-65ea485beda9,GET,192.94.126.38,JSESSIONID=pb0gfvyp8ms0j79ivzuob8v437s7znl,Taxi,melissa21
16,weather,1,menu,2a7f8ae0-4734-327c-8c49-a9d3285f2c38,GET,198.51.102.242,JSESSIONID=o5l68cbcft2azz14fr5fb5yoa4kx2io,Taxi,rebekah20
16,weather,1,menu,12263f63-2624-3887-8e93-a78e940fe8b9,GET,203.0.105.44,JSESSIONID=gx9vsfqr9kk76g24v2glrdg4j24ia58,Taxi,patrick19
22,weather,1,menu,c014a35e-9316-37b5-b3a2-a101dafd2e30,GET,95.135.38.108,JSESSIONID=5jy4cdfyi6yr7b551znwjer5g3igm1n,Taxi,melissa18
16,weather,1,menu,897b0bb7-389d-3235-ab79-fde3bda3b399,GET,192.88.98.23,JSESSIONID=kp7qqsf5sqdbakkw8nmsqem2ezcfdlj,Taxi,stephen17
25,weather,1,menu,f21fff1e-c85b-3edc-ab7d-cbe1efc3e4cb,GET,101.115.110.17,JSESSIONID=o3gyv5lqs3twud7yfjx3osr16lifqdk,Taxi,jacob16
14,payment,1,menu,b5f99e5d-1e48-3af3-b735-5dbaaf2d1fdc,GET,192.25.210.222,JSESSIONID=uex7xqpk8kzb4czjbpknky1imy78sbj,Taxi,david25
21,payment,1,menu,b1c351be-eb8f-3af3-abe7-a1b40f43d0a8,GET,192.1.239.214,JSESSIONID=lqk6thdoffodgsff08sjgzk5q0tpld6,Taxi,brittany24
17,payment,1,menu,1b8859e7-b56f-300b-a420-226f850afe48,GET,192.52.208.9,JSESSIONID=1bnnqz086hjna5cw1rrb30rmb76t1nn,Taxi,tracy23
14,payment,1,menu,d39e32f3-e588-3bda-acb4-4d7de4636e05,GET,168.245.64.74,JSESSIONID=yq7w116ux0mcv3jskqbor8i0yrhbr2g,Taxi,melissa22
11,payment,1,menu,6f16ecc5-557e-3399-aa45-65ea485beda9,GET,192.94.126.38,JSESSIONID=pb0gfvyp8ms0j79ivzuob8v437s7znl,Taxi,melissa21
14,payment,1,menu,2a7f8ae0-4734-327c-8c49-a9d3285f2c38,GET,198.51.102.242,JSESSIONID=o5l68cbcft2azz14fr5fb5yoa4kx2io,Taxi,rebekah20
11,payment,1,menu,12263f63-2624-3887-8e93-a78e940fe8b9,GET,203.0.105.44,JSESSIONID=gx9vsfqr9kk76g24v2glrdg4j24ia58,Taxi,patrick19
14,payment,1,menu,c014a35e-9316-37b5-b3a2-a101dafd2e30,GET,95.135.38.108,JSESSIONID=5jy4cdfyi6yr7b551znwjer5g3igm1n,Taxi,melissa18
13,payment,1,menu,897b0bb7-389d-3235-ab79-fde3bda3b399,GET,192.88.98.23,JSESSIONID=kp7qqsf5sqdbakkw8nmsqem2ezcfdlj,Taxi,stephen17
14,payment,1,menu,f21fff1e-c85b-3edc-ab7d-cbe1efc3e4cb,GET,101.115.110.17,JSESSIONID=o3gyv5lqs3twud7yfjx3osr16lifqdk,Taxi,jacob16
7,payment,1,order,b5f99e5d-1e48-3af3-b735-5dbaaf2d1fdc,POST,192.25.210.222,JSESSIONID=uex7xqpk8kzb4czjbpknky1imy78sbj,Taxi,david25
4,payment,1,order,b1c351be-eb8f-3af3-abe7-a1b40f43d0a8,POST,192.1.239.214,JSESSIONID=lqk6thdoffodgsff08sjgzk5q0tpld6,Taxi,brittany24
6,payment,1,order,1b8859e7-b56f-300b-a420-226f850afe48,POST,192.52.208.9,JSESSIONID=1bnnqz086hjna5cw1rrb30rmb76t1nn,Taxi,tracy23
7,payment,1,order,d39e32f3-e588-3bda-acb4-4d7de4636e05,POST,168.245.64.74,JSESSIONID=yq7w116ux0mcv3jskqbor8i0yrhbr2g,Taxi,melissa22
5,payment,1,order,6f16ecc5-557e-3399-aa45-65ea485beda9,POST,192.94.126.38,JSESSIONID=pb0gfvyp8ms0j79ivzuob8v437s7znl,Taxi,melissa21
10,payment,1,order,2a7f8ae0-4734-327c-8c49-a9d3285f2c38,POST,198.51.102.242,JSESSIONID=o5l68cbcft2azz14fr5fb5yoa4kx2io,Taxi,rebekah20
8,payment,1,order,12263f63-2624-3887-8e93-a78e940fe8b9,POST,203.0.105.44,JSESSIONID=gx9vsfqr9kk76g24v2glrdg4j24ia58,Taxi,patrick19
7,payment,1,order,c014a35e-9316-37b5-b3a2-a101dafd2e30,POST,95.135.38.108,JSESSIONID=5jy4cdfyi6yr7b551znwjer5g3igm1n,Taxi,melissa18
11,payment,1,order,897b0bb7-389d-3235-ab79-fde3bda3b399,POST,192.88.98.23,JSESSIONID=kp7qqsf5sqdbakkw8nmsqem2ezcfdlj,Taxi,stephen17
8,payment,1,order,f21fff1e-c85b-3edc-ab7d-cbe1efc3e4cb,POST,101.115.110.17,JSESSIONID=o3gyv5lqs3twud7yfjx3osr16lifqdk,Taxi,jacob16
4,news,1,menu,2fac1693-1522-378c-8cd9-db72d0d73a88,GET,192.88.172.103,JSESSIONID=1if1to93rtb7rwj2amdurhw579idsw3,CricScore,manuel100
3,news,1,menu,169f04a0-c8d6-3b09-98d1-2ef75e4f5e5d,GET,203.47.159.148,JSESSIONID=2z44w5h9yxpionlxfaazv1vg69ks68h,CricScore,willie99
4,news,1,menu,8359e8f7-cb7b-3d52-be92-8fa7995a71f6,GET,198.17.215.132,JSESSIONID=mbhqgo0lgmp9dl3zd08pkt90fyjqc7x,CricScore,wayne98
1,news,1,menu,435517e4-ec15-3920-a715-fc9283c408c7,GET,200.182.239.152,JSESSIONID=cy310l4y9nrbbxep4kdj99lxa6c12hf,CricScore,nancy97
4,news,1,menu,92ff7b88-8e5d-36a7-b74b-a760b70d6fcc,GET,192.52.195.80,JSESSIONID=6zemmjvqxfnaot91eukk19yi4zqhggp,CricScore,christopher96
5,cricket,1,menu,2fac1693-1522-378c-8cd9-db72d0d73a88,GET,192.88.172.103,JSESSIONID=1if1to93rtb7rwj2amdurhw579idsw3,CricScore,manuel100
7,cricket,1,menu,169f04a0-c8d6-3b09-98d1-2ef75e4f5e5d,GET,203.47.159.148,JSESSIONID=2z44w5h9yxpionlxfaazv1vg69ks68h,CricScore,willie99
7,cricket,1,menu,8359e8f7-cb7b-3d52-be92-8fa7995a71f6,GET,198.17.215.132,JSESSIONID=mbhqgo0lgmp9dl3zd08pkt90fyjqc7x,CricScore,wayne98
4,cricket,1,menu,435517e4-ec15-3920-a715-fc9283c408c7,GET,200.182.239.152,JSESSIONID=cy310l4y9nrbbxep4kdj99lxa6c12hf,CricScore,nancy97
6,cricket,1,menu,92ff7b88-8e5d-36a7-b74b-a760b70d6fcc,GET,192.52.195.80,JSESSIONID=6zemmjvqxfnaot91eukk19yi4zqhggp,CricScore,christopher96
28,news,1,menu,576ddf52-de56-306f-ac99-6a40a9850b4c,GET,169.205.159.12,JSESSIONID=bzxpw2kegvk1dh3wia2lej87bwc4h9m,CricScore,brandon95
35,news,1,menu,c6ace0df-c538-3ca3-a065-f3a160c4ece3,GET,192.175.14.62,JSESSIONID=h0w78575u5aov4oyfj9egxaumvanomk,CricScore,marcia94
25,news,1,menu,2442f5b2-10d7-33ab-b469-dd5ae54d3484,GET,168.206.149.100,JSESSIONID=z4u5zbi10b0zsa15ermnvqg7mlwdivf,CricScore,margaret93
24,news,1,menu,2d4b92c9-b758-34c8-b3c9-a4d8bd6cebdf,GET,192.88.68.162,JSESSIONID=2gxf2x23okgxkvbqcir0tpwhtvzyvx4,CricScore,maria92
40,news,1,menu,d2c7dd81-b4cd-3fd9-87a2-c5e4393b1013,GET,203.0.118.102,JSESSIONID=gex555su0jtic3fr6pmlatohcj0mqhx,CricScore,cynthia91
37,news,1,menu,43ad6655-5950-3483-8c80-9097d51e2931,GET,192.28.188.116,JSESSIONID=vfguvsrquubuk9f4szsaeaopg6w5nix,CricScore,sarah90
44,news,1,menu,4d7d8e8b-da20-3b64-9382-c287e619ceef,GET,192.52.209.116,JSESSIONID=acf8jlxtl9mqj4v0nnvrcirdxrd43fp,CricScore,kristen89
34,news,1,menu,22089894-ca7d-328a-b241-5b0c4fbc5bba,GET,198.192.139.123,JSESSIONID=a305ourjxwbbukq8gwcpijhklurt07o,CricScore,john88
25,news,1,menu,42956371-8e00-3f5c-8827-a8ee7f7bf9b2,GET,169.247.176.222,JSESSIONID=pj1m2mzcdqdbnsvr3ifpma7i1x68pe7,CricScore,leslie87
30,news,1,menu,a6484d26-8361-3f0d-8528-04b53e319147,GET,198.51.49.169,JSESSIONID=a0x6plxsn9voyedgs5ztlkvn66c5sxd,CricScore,marcus86
24,news,1,menu,6b519cba-a6ba-3ab6-80a9-048f860947d9,GET,192.52.198.68,JSESSIONID=faek0pmgzqmbwswupu41tj80znvx7or,CricScore,christopher85
42,news,1,menu,de16d0f7-4f8d-34e3-878a-2f744843ba6d,GET,203.11.135.110,JSESSIONID=2u27zjmk6u339mgfncbwyrjkmews1ko,CricScore,justin84
42,news,1,menu,5ea23e10-6ac9-3617-b199-8bb4f5386ac0,GET,192.165.96.145,JSESSIONID=v1tn4cqxvgppyeljszu7dmyjlr3f7kb,CricScore,thomas83
50,news,1,menu,970f5aa2-3e80-340d-b846-3fd08b73b923,GET,112.255.211.19,JSESSIONID=v8bsoo2n5cugp7fcbhwn5wi5po9cu8q,CricScore,susan82
52,news,1,menu,2f1e647d-a9dd-340b-872f-5255faa38635,GET,203.16.140.52,JSESSIONID=t2roeo5i9r07879gn9ou21c8drqsexv,CricScore,roger81
50,news,1,menu,f9148afa-aca8-360a-a0c5-3e41bb6aef91,GET,192.68.41.104,JSESSIONID=nwro0os6ttcex2h3c91ryffsiuqg4ny,CricScore,kimberly80
45,news,1,menu,d3e01389-50fa-357f-8c8f-b5aa761a2962,GET,192.77.138.154,JSESSIONID=bdvai59jlkc7s04x2o0flsucrgilmd2,CricScore,connie79
53,news,1,menu,dc440cf5-02ea-3c4b-8132-e721c9807f83,GET,198.49.0.235,JSESSIONID=se4rk21k0scpop5g58dfw3f36wrqcl2,CricScore,allison78
55,news,1,menu,184ab298-3409-3e92-b3ee-e1f880338520,GET,192.30.181.221,JSESSIONID=dc6ie57p6gkcv7x05p2ou2xg19x72ia,CricScore,anthony77
39,news,1,menu,3eac87ff-42d1-3dac-869d-8f77ceede8b9,GET,192.90.174.225,JSESSIONID=mwkvrw40uqmxkibw8pal8xz43n18tj2,CricScore,kristopher76
30,news,1,menu,a1d05f4c-feec-376d-8a42-3b1c69b23a32,GET,192.52.194.193,JSESSIONID=kx6413cqe7wjznizdtj6qsfz5jp2mee,CricScore,erica75
56,news,1,menu,facc0500-bf99-3cd6-ab00-4807da1f4fdd,GET,192.0.185.198,JSESSIONID=tm0xaox3moimmmj0v25q7abc7uofkoi,CricScore,jennifer74
54,news,1,menu,18600bb0-6249-31b3-9973-274f71b90beb,GET,169.224.49.226,JSESSIONID=gmrnn4re1kx8ron3sjolbhqgzs8xxf6,CricScore,debra73
43,news,1,menu,a4e13df9-2357-359e-93c1-77176e10ff93,GET,192.3.4.184,JSESSIONID=flwwtuk0fvloy9qak5n9n9zmm822jop,CricScore,amy72
56,news,1,menu,a2724ea7-6874-35f4-8323-8774ed2e4a41,GET,192.52.197.26,JSESSIONID=5yz9bgmvjx4tjxgb84089olzqg3w4wq,CricScore,antonio71
30,news,1,menu,fe900098-0dce-31bd-8732-2efc22025ff1,GET,192.31.148.248,JSESSIONID=8i6druwlbrntejprx3n1pbkav9abkyu,CricScore,christine60
33,news,1,menu,1948b72e-5f2d-3eb4-8b5f-0bec287e2fa5,GET,198.21.166.214,JSESSIONID=gphdxs7uhmpqg9co2iegoen5s1qxekn,CricScore,jason59
25,news,1,menu,af45003f-7e88-36fa-8482-9b6696a9b7d1,GET,196.150.69.210,JSESSIONID=5eyydu23ce9jyghf5irada34m6smae6,CricScore,julia58
33,news,1,menu,e5b36dec-1efc-3756-aae8-6009ad436219,GET,192.40.206.117,JSESSIONID=uii8jyp7lom8szvszwiiqpvn31ojlf6,CricScore,jamie57
28,news,1,menu,b68bfad4-9d37-3705-ba7c-32743efe1f53,GET,192.175.52.219,JSESSIONID=2r4x8qch956g6w18kbjliy79xk3nqqq,CricScore,travis56
55,news,1,menu,1f42d231-17db-3e32-9228-e6f1857a3c63,GET,192.153.79.210,JSESSIONID=b16s36ghonl0ijuwy27x0dun8fudjmw,CricScore,phillip55
51,news,1,menu,eb09ddd1-d0a0-34b8-9a8b-f2ec424291fd,GET,198.51.99.72,JSESSIONID=5syvc7e5av3smf730dwx8xbkhfjt59f,CricScore,brandon54
32,news,1,menu,0b404727-b2e8-3748-ac77-bc888376c490,GET,192.94.132.18,JSESSIONID=vfhv6s0wsq8g3zq47cuuk6e75nis3ce,CricScore,heather53
45,news,1,menu,0fc6d420-8b0c-3926-a6f4-b7f5f445bf71,GET,203.0.115.88,JSESSIONID=vkfrlyh6o2qziy439lxxkcia30js4sl,CricScore,alexis52
42,news,1,menu,623968d0-a6c6-3196-abbf-53afea7b9f4f,GET,198.51.82.239,JSESSIONID=k0tsc5kg1eno0v02h28u8f0xfajfcl5,CricScore,paige51
84,cricket,1,menu,576ddf52-de56-306f-ac99-6a40a9850b4c,GET,169.205.159.12,JSESSIONID=bzxpw2kegvk1dh3wia2lej87bwc4h9m,CricScore,brandon95
58,cricket,1,menu,c6ace0df-c538-3ca3-a065-f3a160c4ece3,GET,192.175.14.62,JSESSIONID=h0w78575u5aov4oyfj9egxaumvanomk,CricScore,marcia94
71,cricket,1,menu,2442f5b2-10d7-33ab-b469-dd5ae54d3484,GET,168.206.149.100,JSESSIONID=z4u5zbi10b0zsa15ermnvqg7mlwdivf,CricScore,margaret93
74,cricket,1,menu,2d4b92c9-b758-34c8-b3c9-a4d8bd6cebdf,GET,192.88.68.162,JSESSIONID=2gxf2x23okgxkvbqcir0tpwhtvzyvx4,CricScore,maria92
79,cricket,1,menu,d2c7dd81-b4cd-3fd9-87a2-c5e4393b1013,GET,203.0.118.102,JSESSIONID=gex555su0jtic3fr6pmlatohcj0mqhx,CricScore,cynthia91
78,cricket,1,menu,43ad6655-5950-3483-8c80-9097d51e2931,GET,192.28.188.116,JSESSIONID=vfguvsrquubuk9f4szsaeaopg6w5nix,CricScore,sarah90
61,cricket,1,menu,4d7d8e8b-da20-3b64-9382-c287e619ceef,GET,192.52.209.116,JSESSIONID=acf8jlxtl9mqj4v0nnvrcirdxrd43fp,CricScore,kristen89
78,cricket,1,menu,22089894-ca7d-328a-b241-5b0c4fbc5bba,GET,198.192.139.123,JSESSIONID=a305ourjxwbbukq8gwcpijhklurt07o,CricScore,john88
57,cricket,1,menu,42956371-8e00-3f5c-8827-a8ee7f7bf9b2,GET,169.247.176.222,JSESSIONID=pj1m2mzcdqdbnsvr3ifpma7i1x68pe7,CricScore,leslie87
61,cricket,1,menu,a6484d26-8361-3f0d-8528-04b53e319147,GET,198.51.49.169,JSESSIONID=a0x6plxsn9voyedgs5ztlkvn66c5sxd,CricScore,marcus86
84,cricket,1,menu,6b519cba-a6ba-3ab6-80a9-048f860947d9,GET,192.52.198.68,JSESSIONID=faek0pmgzqmbwswupu41tj80znvx7or,CricScore,christopher85
84,cricket,1,menu,de16d0f7-4f8d-34e3-878a-2f744843ba6d,GET,203.11.135.110,JSESSIONID=2u27zjmk6u339mgfncbwyrjkmews1ko,CricScore,justin84
55,cricket,1,menu,5ea23e10-6ac9-3617-b199-8bb4f5386ac0,GET,192.165.96.145,JSESSIONID=v1tn4cqxvgppyeljszu7dmyjlr3f7kb,CricScore,thomas83
72,cricket,1,menu,970f5aa2-3e80-340d-b846-3fd08b73b923,GET,112.255.211.19,JSESSIONID=v8bsoo2n5cugp7fcbhwn5wi5po9cu8q,CricScore,susan82
63,cricket,1,menu,2f1e647d-a9dd-340b-872f-5255faa38635,GET,203.16.140.52,JSESSIONID=t2roeo5i9r07879gn9ou21c8drqsexv,CricScore,roger81
68,cricket,1,menu,f9148afa-aca8-360a-a0c5-3e41bb6aef91,GET,192.68.41.104,JSESSIONID=nwro0os6ttcex2h3c91ryffsiuqg4ny,CricScore,kimberly80
57,cricket,1,menu,d3e01389-50fa-357f-8c8f-b5aa761a2962,GET,192.77.138.154,JSESSIONID=bdvai59jlkc7s04x2o0flsucrgilmd2,CricScore,connie79
72,cricket,1,menu,dc440cf5-02ea-3c4b-8132-e721c9807f83,GET,198.49.0.235,JSESSIONID=se4rk21k0scpop5g58dfw3f36wrqcl2,CricScore,allison78
78,cricket,1,menu,184ab298-3409-3e92-b3ee-e1f880338520,GET,192.30.181.221,JSESSIONID=dc6ie57p6gkcv7x05p2ou2xg19x72ia,CricScore,anthony77
72,cricket,1,menu,3eac87ff-42d1-3dac-869d-8f77ceede8b9,GET,192.90.174.225,JSESSIONID=mwkvrw40uqmxkibw8pal8xz43n18tj2,CricScore,kristopher76
66,cricket,1,menu,a1d05f4c-feec-376d-8a42-3b1c69b23a32,GET,192.52.194.193,JSESSIONID=kx6413cqe7wjznizdtj6qsfz5jp2mee,CricScore,erica75
70,cricket,1,menu,facc0500-bf99-3cd6-ab00-4807da1f4fdd,GET,192.0.185.198,JSESSIONID=tm0xaox3moimmmj0v25q7abc7uofkoi,CricScore,jennifer74
82,cricket,1,menu,18600bb0-6249-31b3-9973-274f71b90beb,GET,169.224.49.226,JSESSIONID=gmrnn4re1kx8ron3sjolbhqgzs8xxf6,CricScore,debra73
65,cricket,1,menu,a4e13df9-2357-359e-93c1-77176e10ff93,GET,192.3.4.184,JSESSIONID=flwwtuk0fvloy9qak5n9n9zmm822jop,CricScore,amy72
79,cricket,1,menu,a2724ea7-6874-35f4-8323-8774ed2e4a41,GET,192.52.197.26,JSESSIONID=5yz9bgmvjx4tjxgb84089olzqg3w4wq,CricScore,antonio71
57,cricket,1,menu,fe900098-0dce-31bd-8732-2efc22025ff1,GET,192.31.148.248,JSESSIONID=8i6druwlbrntejprx3n1pbkav9abkyu,CricScore,christine60
75,cricket,1,menu,1948b72e-5f2d-3eb4-8b5f-0bec287e2fa5,GET,198.21.166.214,JSESSIONID=gphdxs7uhmpqg9co2iegoen5s1qxekn,CricScore,jason59
68,cricket,1,menu,af45003f-7e88-36fa-8482-9b6696a9b7d1,GET,196.150.69.210,JSESSIONID=5eyydu23ce9jyghf5irada34m6smae6,CricScore,julia58
62,cricket,1,menu,e5b36dec-1efc-3756-aae8-6009ad436219,GET,192.40.206.117,JSESSIONID=uii8jyp7lom8szvszwiiqpvn31ojlf6,CricScore,jamie57
86,cricket,1,menu,b68bfad4-9d37-3705-ba7c-32743efe1f53,GET,192.175.52.219,JSESSIONID=2r4x8qch956g6w18kbjliy79xk3nqqq,CricScore,travis56
87,cricket,1,menu,1f42d231-17db-3e32-9228-e6f1857a3c63,GET,192.153.79.210,JSESSIONID=b16s36ghonl0ijuwy27x0dun8fudjmw,CricScore,phillip55
54,cricket,1,menu,eb09ddd1-d0a0-34b8-9a8b-f2ec424291fd,GET,198.51.99.72,JSESSIONID=5syvc7e5av3smf730dwx8xbkhfjt59f,CricScore,brandon54
82,cricket,1,menu,0b404727-b2e8-3748-ac77-bc888376c490,GET,192.94.132.18,JSESSIONID=vfhv6s0wsq8g3zq47cuuk6e75nis3ce,CricScore,heather53
70,cricket,1,menu,0fc6d420-8b0c-3926-a6f4-b7f5f445bf71,GET,203.0.115.88,JSESSIONID=vkfrlyh6o2qziy439lxxkcia30js4sl,CricScore,alexis52
60,cricket,1,menu,623968d0-a6c6-3196-abbf-53afea7b9f4f,GET,198.51.82.239,JSESSIONID=k0tsc5kg1eno0v02h28u8f0xfajfcl5,CricScore,paige51
