access_token,ip_address,user_cookie
443d9cce-5427-37da-8e5a-aff01da48f00,192.88.237.148,JSESSIONID=j4tjpiarjok4z4kw68y2wmvfpb99254
b207180e-ed1e-308b-b100-f65887238edc,192.88.119.64,JSESSIONID=nj2jjdn1irhem3zx493hpk8leio8ds3
986a491f-6af5-31d4-bfac-8cf27cbe4ad4,203.26.250.36,JSESSIONID=vip6ikv5q6l3t9k667wfxnz7csidwej
e5433da1-6c3e-3222-b87a-3ab04b2da674,192.52.251.119,JSESSIONID=r5v3zqpzcuqkzcwxvuzwnam1rgs3u5b
e77f6a12-c160-3ff5-832d-14905e51371f,198.28.228.18,JSESSIONID=hg20sm6kq9sg9l232nlbgnjscxnuu75
443d9cce-5427-37da-8e5a-aff01da48f00,192.88.237.148,JSESSIONID=j4tjpiarjok4z4kw68y2wmvfpb99254
b207180e-ed1e-308b-b100-f65887238edc,192.88.119.64,JSESSIONID=nj2jjdn1irhem3zx493hpk8leio8ds3
986a491f-6af5-31d4-bfac-8cf27cbe4ad4,203.26.250.36,JSESSIONID=vip6ikv5q6l3t9k667wfxnz7csidwej
e5433da1-6c3e-3222-b87a-3ab04b2da674,192.52.251.119,JSESSIONID=r5v3zqpzcuqkzcwxvuzwnam1rgs3u5b
e77f6a12-c160-3ff5-832d-14905e51371f,198.28.228.18,JSESSIONID=hg20sm6kq9sg9l232nlbgnjscxnuu75
076a322e-ed03-3613-93e6-b67c9892e00e,169.81.176.93,JSESSIONID=lgy60r81x6hi4wemg2m5y6n47msonwz
249d5240-529b-3105-8ea6-f4f4f06f7a38,169.251.139.21,JSESSIONID=pzp66yp3w97ubens6w2gujgq4z26lja
9a696732-25e3-36c7-975d-e3f36277ec6f,192.30.208.23,JSESSIONID=faeit017rtv5bzeo5mvj3rqcyjsg4v8
c3dea23b-a341-3a1d-bdd1-02802f2a0684,1.42.125.39,JSESSIONID=jv8z2ycomgxk7hamjmm4v30398e9yjc
1b2f8daf-378e-3a7c-9f5a-a7f522020bd4,7.115.15.72,JSESSIONID=uu54tbfyf9cyvgcdch2b84q79f60ymg
233a0d32-7d8e-3890-a16e-60a5fcfb5e1f,198.51.108.174,JSESSIONID=urh4inufzvu5gziqfxjo0ssqbov8vbg
a8d14e98-1b36-3a62-ac1d-df39aab54a11,192.88.124.101,JSESSIONID=9917d6m0omqjtww2seya4m5nd6wpo0c
6186ab8a-e3b5-327c-bd86-64841b7908a3,9.246.252.46,JSESSIONID=3cc29bbsy7n7v2u36mt76eloam2rlcj
0b7c5ac4-a43f-35f7-a130-3489e32c84a2,117.231.84.126,JSESSIONID=jg6u5ec5gqdv3klq5fsaoz9q26i6w9u
b17b5e8f-9d3d-3e7c-bba0-66e8ddaa65cf,203.98.51.32,JSESSIONID=rbnnkh0tkdugwv7sr5pu6tliax0o10k
e64e3ed2-197a-358b-af2c-cad3f4ae8855,192.52.248.237,JSESSIONID=c10e8b5tv9hv9skazffy7k9mroe0ook
bc5c4d3e-5859-3897-a015-1594195a81bb,192.88.108.129,JSESSIONID=i1cdycxd6rm00ewo6wg5tzj918xg6nn
4ba34737-7ab9-369e-afa2-abcf333b470f,192.48.95.129,JSESSIONID=kc6ka4mu5lvv6yhzsq0b2ywodbff0pu
b9c83f87-8138-307f-806f-926f1f214de4,10.222.233.173,JSESSIONID=jycb7bi6i72yefwxk5ccu811w90bayf
9c464e2a-afd0-3fcf-8cce-c711ba81d631,203.0.114.208,JSESSIONID=rygem2u5y7jo0ax9hl3qh87buayoqu1
6e73c8cb-b091-3832-a750-20c9c3731d13,198.193.139.147,JSESSIONID=gx6n8mp4vxd849r00qkhkry72z5nzen
d8cc5ad2-1636-3abc-9880-41ec3d8afe52,192.13.133.27,JSESSIONID=wjd6nfh3ztn18jovplofx759h4pswvx
103b93ae-667a-3f76-ae84-e0cc0927762b,198.51.91.232,JSESSIONID=2nw0qk85ltw8iwntmt8lz3aft26hzr8
5b717f7d-b9e0-32dc-9016-9397839e3266,1.72.178.236,JSESSIONID=5qb76yb273vzad7xan1t4cgnse8a0vp
41f25f9a-4f3b-3f5c-85c9-6ff732ff8c30,192.12.132.222,JSESSIONID=8siwcmaojv8v2o8sd1fosmar4jbat1u
076a322e-ed03-3613-93e6-b67c9892e00e,169.81.176.93,JSESSIONID=lgy60r81x6hi4wemg2m5y6n47msonwz
249d5240-529b-3105-8ea6-f4f4f06f7a38,169.251.139.21,JSESSIONID=pzp66yp3w97ubens6w2gujgq4z26lja
9a696732-25e3-36c7-975d-e3f36277ec6f,192.30.208.23,JSESSIONID=faeit017rtv5bzeo5mvj3rqcyjsg4v8
c3dea23b-a341-3a1d-bdd1-02802f2a0684,1.42.125.39,JSESSIONID=jv8z2ycomgxk7hamjmm4v30398e9yjc
1b2f8daf-378e-3a7c-9f5a-a7f522020bd4,7.115.15.72,JSESSIONID=uu54tbfyf9cyvgcdch2b84q79f60ymg
233a0d32-7d8e-3890-a16e-60a5fcfb5e1f,198.51.108.174,JSESSIONID=urh4inufzvu5gziqfxjo0ssqbov8vbg
a8d14e98-1b36-3a62-ac1d-df39aab54a11,192.88.124.101,JSESSIONID=9917d6m0omqjtww2seya4m5nd6wpo0c
6186ab8a-e3b5-327c-bd86-64841b7908a3,9.246.252.46,JSESSIONID=3cc29bbsy7n7v2u36mt76eloam2rlcj
0b7c5ac4-a43f-35f7-a130-3489e32c84a2,117.231.84.126,JSESSIONID=jg6u5ec5gqdv3klq5fsaoz9q26i6w9u
b17b5e8f-9d3d-3e7c-bba0-66e8ddaa65cf,203.98.51.32,JSESSIONID=rbnnkh0tkdugwv7sr5pu6tliax0o10k
e64e3ed2-197a-358b-af2c-cad3f4ae8855,192.52.248.237,JSESSIONID=c10e8b5tv9hv9skazffy7k9mroe0ook
bc5c4d3e-5859-3897-a015-1594195a81bb,192.88.108.129,JSESSIONID=i1cdycxd6rm00ewo6wg5tzj918xg6nn
4ba34737-7ab9-369e-afa2-abcf333b470f,192.48.95.129,JSESSIONID=kc6ka4mu5lvv6yhzsq0b2ywodbff0pu
b9c83f87-8138-307f-806f-926f1f214de4,10.222.233.173,JSESSIONID=jycb7bi6i72yefwxk5ccu811w90bayf
9c464e2a-afd0-3fcf-8cce-c711ba81d631,203.0.114.208,JSESSIONID=rygem2u5y7jo0ax9hl3qh87buayoqu1
6e73c8cb-b091-3832-a750-20c9c3731d13,198.193.139.147,JSESSIONID=gx6n8mp4vxd849r00qkhkry72z5nzen
d8cc5ad2-1636-3abc-9880-41ec3d8afe52,192.13.133.27,JSESSIONID=wjd6nfh3ztn18jovplofx759h4pswvx
103b93ae-667a-3f76-ae84-e0cc0927762b,198.51.91.232,JSESSIONID=2nw0qk85ltw8iwntmt8lz3aft26hzr8
5b717f7d-b9e0-32dc-9016-9397839e3266,1.72.178.236,JSESSIONID=5qb76yb273vzad7xan1t4cgnse8a0vp
41f25f9a-4f3b-3f5c-85c9-6ff732ff8c30,192.12.132.222,JSESSIONID=8siwcmaojv8v2o8sd1fosmar4jbat1u
076a322e-ed03-3613-93e6-b67c9892e00e,169.81.176.93,JSESSIONID=lgy60r81x6hi4wemg2m5y6n47msonwz
249d5240-529b-3105-8ea6-f4f4f06f7a38,169.251.139.21,JSESSIONID=pzp66yp3w97ubens6w2gujgq4z26lja
9a696732-25e3-36c7-975d-e3f36277ec6f,192.30.208.23,JSESSIONID=faeit017rtv5bzeo5mvj3rqcyjsg4v8
c3dea23b-a341-3a1d-bdd1-02802f2a0684,1.42.125.39,JSESSIONID=jv8z2ycomgxk7hamjmm4v30398e9yjc
1b2f8daf-378e-3a7c-9f5a-a7f522020bd4,7.115.15.72,JSESSIONID=uu54tbfyf9cyvgcdch2b84q79f60ymg
233a0d32-7d8e-3890-a16e-60a5fcfb5e1f,198.51.108.174,JSESSIONID=urh4inufzvu5gziqfxjo0ssqbov8vbg
a8d14e98-1b36-3a62-ac1d-df39aab54a11,192.88.124.101,JSESSIONID=9917d6m0omqjtww2seya4m5nd6wpo0c
6186ab8a-e3b5-327c-bd86-64841b7908a3,9.246.252.46,JSESSIONID=3cc29bbsy7n7v2u36mt76eloam2rlcj
0b7c5ac4-a43f-35f7-a130-3489e32c84a2,117.231.84.126,JSESSIONID=jg6u5ec5gqdv3klq5fsaoz9q26i6w9u
b17b5e8f-9d3d-3e7c-bba0-66e8ddaa65cf,203.98.51.32,JSESSIONID=rbnnkh0tkdugwv7sr5pu6tliax0o10k
e64e3ed2-197a-358b-af2c-cad3f4ae8855,192.52.248.237,JSESSIONID=c10e8b5tv9hv9skazffy7k9mroe0ook
bc5c4d3e-5859-3897-a015-1594195a81bb,192.88.108.129,JSESSIONID=i1cdycxd6rm00ewo6wg5tzj918xg6nn
4ba34737-7ab9-369e-afa2-abcf333b470f,192.48.95.129,JSESSIONID=kc6ka4mu5lvv6yhzsq0b2ywodbff0pu
b9c83f87-8138-307f-806f-926f1f214de4,10.222.233.173,JSESSIONID=jycb7bi6i72yefwxk5ccu811w90bayf
9c464e2a-afd0-3fcf-8cce-c711ba81d631,203.0.114.208,JSESSIONID=rygem2u5y7jo0ax9hl3qh87buayoqu1
6e73c8cb-b091-3832-a750-20c9c3731d13,198.193.139.147,JSESSIONID=gx6n8mp4vxd849r00qkhkry72z5nzen
d8cc5ad2-1636-3abc-9880-41ec3d8afe52,192.13.133.27,JSESSIONID=wjd6nfh3ztn18jovplofx759h4pswvx
103b93ae-667a-3f76-ae84-e0cc0927762b,198.51.91.232,JSESSIONID=2nw0qk85ltw8iwntmt8lz3aft26hzr8
5b717f7d-b9e0-32dc-9016-9397839e3266,1.72.178.236,JSESSIONID=5qb76yb273vzad7xan1t4cgnse8a0vp
41f25f9a-4f3b-3f5c-85c9-6ff732ff8c30,192.12.132.222,JSESSIONID=8siwcmaojv8v2o8sd1fosmar4jbat1u
076a322e-ed03-3613-93e6-b67c9892e00e,169.81.176.93,JSESSIONID=lgy60r81x6hi4wemg2m5y6n47msonwz
249d5240-529b-3105-8ea6-f4f4f06f7a38,169.251.139.21,JSESSIONID=pzp66yp3w97ubens6w2gujgq4z26lja
9a696732-25e3-36c7-975d-e3f36277ec6f,192.30.208.23,JSESSIONID=faeit017rtv5bzeo5mvj3rqcyjsg4v8
c3dea23b-a341-3a1d-bdd1-02802f2a0684,1.42.125.39,JSESSIONID=jv8z2ycomgxk7hamjmm4v30398e9yjc
1b2f8daf-378e-3a7c-9f5a-a7f522020bd4,7.115.15.72,JSESSIONID=uu54tbfyf9cyvgcdch2b84q79f60ymg
233a0d32-7d8e-3890-a16e-60a5fcfb5e1f,198.51.108.174,JSESSIONID=urh4inufzvu5gziqfxjo0ssqbov8vbg
a8d14e98-1b36-3a62-ac1d-df39aab54a11,192.88.124.101,JSESSIONID=9917d6m0omqjtww2seya4m5nd6wpo0c
6186ab8a-e3b5-327c-bd86-64841b7908a3,9.246.252.46,JSESSIONID=3cc29bbsy7n7v2u36mt76eloam2rlcj
0b7c5ac4-a43f-35f7-a130-3489e32c84a2,117.231.84.126,JSESSIONID=jg6u5ec5gqdv3klq5fsaoz9q26i6w9u
b17b5e8f-9d3d-3e7c-bba0-66e8ddaa65cf,203.98.51.32,JSESSIONID=rbnnkh0tkdugwv7sr5pu6tliax0o10k
e64e3ed2-197a-358b-af2c-cad3f4ae8855,192.52.248.237,JSESSIONID=c10e8b5tv9hv9skazffy7k9mroe0ook
bc5c4d3e-5859-3897-a015-1594195a81bb,192.88.108.129,JSESSIONID=i1cdycxd6rm00ewo6wg5tzj918xg6nn
4ba34737-7ab9-369e-afa2-abcf333b470f,192.48.95.129,JSESSIONID=kc6ka4mu5lvv6yhzsq0b2ywodbff0pu
b9c83f87-8138-307f-806f-926f1f214de4,10.222.233.173,JSESSIONID=jycb7bi6i72yefwxk5ccu811w90bayf
9c464e2a-afd0-3fcf-8cce-c711ba81d631,203.0.114.208,JSESSIONID=rygem2u5y7jo0ax9hl3qh87buayoqu1
6e73c8cb-b091-3832-a750-20c9c3731d13,198.193.139.147,JSESSIONID=gx6n8mp4vxd849r00qkhkry72z5nzen
d8cc5ad2-1636-3abc-9880-41ec3d8afe52,192.13.133.27,JSESSIONID=wjd6nfh3ztn18jovplofx759h4pswvx
103b93ae-667a-3f76-ae84-e0cc0927762b,198.51.91.232,JSESSIONID=2nw0qk85ltw8iwntmt8lz3aft26hzr8
5b717f7d-b9e0-32dc-9016-9397839e3266,1.72.178.236,JSESSIONID=5qb76yb273vzad7xan1t4cgnse8a0vp
41f25f9a-4f3b-3f5c-85c9-6ff732ff8c30,192.12.132.222,JSESSIONID=8siwcmaojv8v2o8sd1fosmar4jbat1u
892fd2f4-f4ff-35f4-9c3f-e333029c1146,203.53.240.83,JSESSIONID=chqr1bktedrekx7ov5c9lxbm7loap3l
d2f6fce1-ea5f-30bf-8623-9c24b0515b58,192.88.23.31,JSESSIONID=l93h9bhu83tj1ckho7cxzdh86fsvqh7
9ed31c6e-45ca-31d5-9aa4-124f1f23276c,64.30.78.224,JSESSIONID=wa9vb1ryfnwzakhiu2luopjkb37fgbm
7da24cc6-9e63-3725-8e40-442ef88513e6,192.36.225.108,JSESSIONID=ro3c7r0vte5ponha8qxjsl2emyi6ckq
10b7a772-7f4b-3560-8cfd-bf93ed4af660,192.174.174.193,JSESSIONID=r85k6vleebu44unq0wi2qp6jyqwnn2g
892fd2f4-f4ff-35f4-9c3f-e333029c1146,203.53.240.83,JSESSIONID=chqr1bktedrekx7ov5c9lxbm7loap3l
d2f6fce1-ea5f-30bf-8623-9c24b0515b58,192.88.23.31,JSESSIONID=l93h9bhu83tj1ckho7cxzdh86fsvqh7
9ed31c6e-45ca-31d5-9aa4-124f1f23276c,64.30.78.224,JSESSIONID=wa9vb1ryfnwzakhiu2luopjkb37fgbm
7da24cc6-9e63-3725-8e40-442ef88513e6,192.36.225.108,JSESSIONID=ro3c7r0vte5ponha8qxjsl2emyi6ckq
10b7a772-7f4b-3560-8cfd-bf93ed4af660,192.174.174.193,JSESSIONID=r85k6vleebu44unq0wi2qp6jyqwnn2g
892fd2f4-f4ff-35f4-9c3f-e333029c1146,203.53.240.83,JSESSIONID=chqr1bktedrekx7ov5c9lxbm7loap3l
d2f6fce1-ea5f-30bf-8623-9c24b0515b58,192.88.23.31,JSESSIONID=l93h9bhu83tj1ckho7cxzdh86fsvqh7
9ed31c6e-45ca-31d5-9aa4-124f1f23276c,64.30.78.224,JSESSIONID=wa9vb1ryfnwzakhiu2luopjkb37fgbm
7da24cc6-9e63-3725-8e40-442ef88513e6,192.36.225.108,JSESSIONID=ro3c7r0vte5ponha8qxjsl2emyi6ckq
10b7a772-7f4b-3560-8cfd-bf93ed4af660,192.174.174.193,JSESSIONID=r85k6vleebu44unq0wi2qp6jyqwnn2g
892fd2f4-f4ff-35f4-9c3f-e333029c1146,203.53.240.83,JSESSIONID=chqr1bktedrekx7ov5c9lxbm7loap3l
d2f6fce1-ea5f-30bf-8623-9c24b0515b58,192.88.23.31,JSESSIONID=l93h9bhu83tj1ckho7cxzdh86fsvqh7
9ed31c6e-45ca-31d5-9aa4-124f1f23276c,64.30.78.224,JSESSIONID=wa9vb1ryfnwzakhiu2luopjkb37fgbm
7da24cc6-9e63-3725-8e40-442ef88513e6,192.36.225.108,JSESSIONID=ro3c7r0vte5ponha8qxjsl2emyi6ckq
10b7a772-7f4b-3560-8cfd-bf93ed4af660,192.174.174.193,JSESSIONID=r85k6vleebu44unq0wi2qp6jyqwnn2g
af721f01-36d4-39a2-9156-d5bf348aef1e,192.52.1.139,JSESSIONID=p66m3e8dw7wfri8z51av9269fogs8ls
e22d2edb-5569-3f95-8ab9-b8a3e4a4a7ca,173.34.157.131,JSESSIONID=wv8ji1dnwjwu6t8z6uz6i47e53i3yfk
e568c5a4-61f8-31ee-a234-6de25c0dc561,192.7.47.3,JSESSIONID=8kct0dem75kupjhy633m79g4tqdihsd
e5d82d09-ecfc-330f-8dac-af1ef64acccc,203.28.211.166,JSESSIONID=j6u62zfkaga8kyfmt89cdha9ozfckar
37a2abfa-eafb-3c5b-be5d-0c5c11316223,101.101.0.241,JSESSIONID=69f46vnkv4h7j5duq5i3ot5syq4q8ux
8d998e76-74c9-375c-b88d-b6899cab74ad,88.163.3.200,JSESSIONID=pqo14xvqv9kqx4viaqimmyjoc1sz55s
b4e1f9bc-f6ea-31fe-a99b-93dcdff67927,192.0.16.23,JSESSIONID=xetul5164hdkp8iru8d13uuq0hjgysj
934b3830-9f36-30be-be13-92bdc0568900,169.255.24.12,JSESSIONID=4ybk12pohkkb0m7s51byovsbrrfyeya
b4d2ab84-a358-39cb-bb4f-c260d62a4d97,192.31.203.145,JSESSIONID=d5c12y7s58hx5ebm9ahw8njbsjx4yq6
4dca912b-366d-3c9a-8b74-05bb43722fb2,198.23.44.10,JSESSIONID=zavoobttddtzkiwejb2cp7ptxgv5ykg
af721f01-36d4-39a2-9156-d5bf348aef1e,192.52.1.139,JSESSIONID=p66m3e8dw7wfri8z51av9269fogs8ls
e22d2edb-5569-3f95-8ab9-b8a3e4a4a7ca,173.34.157.131,JSESSIONID=wv8ji1dnwjwu6t8z6uz6i47e53i3yfk
e568c5a4-61f8-31ee-a234-6de25c0dc561,192.7.47.3,JSESSIONID=8kct0dem75kupjhy633m79g4tqdihsd
e5d82d09-ecfc-330f-8dac-af1ef64acccc,203.28.211.166,JSESSIONID=j6u62zfkaga8kyfmt89cdha9ozfckar
37a2abfa-eafb-3c5b-be5d-0c5c11316223,101.101.0.241,JSESSIONID=69f46vnkv4h7j5duq5i3ot5syq4q8ux
8d998e76-74c9-375c-b88d-b6899cab74ad,88.163.3.200,JSESSIONID=pqo14xvqv9kqx4viaqimmyjoc1sz55s
b4e1f9bc-f6ea-31fe-a99b-93dcdff67927,192.0.16.23,JSESSIONID=xetul5164hdkp8iru8d13uuq0hjgysj
934b3830-9f36-30be-be13-92bdc0568900,169.255.24.12,JSESSIONID=4ybk12pohkkb0m7s51byovsbrrfyeya
b4d2ab84-a358-39cb-bb4f-c260d62a4d97,192.31.203.145,JSESSIONID=d5c12y7s58hx5ebm9ahw8njbsjx4yq6
4dca912b-366d-3c9a-8b74-05bb43722fb2,198.23.44.10,JSESSIONID=zavoobttddtzkiwejb2cp7ptxgv5ykg
29c7a9d4-4a12-3013-8a44-89e9c5902048,192.88.237.148,JSESSIONID=j4tjpiarjok4z4kw68y2wmvfpb99254
cbe4fcc7-bf2e-353e-9db2-fdb3ab5bea7d,192.88.119.64,JSESSIONID=nj2jjdn1irhem3zx493hpk8leio8ds3
bbe0815f-69a3-32b4-884c-51718b131530,203.26.250.36,JSESSIONID=vip6ikv5q6l3t9k667wfxnz7csidwej
87155188-20be-3bc8-937d-b7e991e05133,192.52.251.119,JSESSIONID=r5v3zqpzcuqkzcwxvuzwnam1rgs3u5b
98bf38a4-947c-3e71-8292-74e233c63379,198.28.228.18,JSESSIONID=hg20sm6kq9sg9l232nlbgnjscxnuu75
461c5458-62fb-342c-9fd0-476bac774511,169.81.176.93,JSESSIONID=lgy60r81x6hi4wemg2m5y6n47msonwz
f8e04fac-d72a-32ed-9b4e-30dfb301eecf,169.251.139.21,JSESSIONID=pzp66yp3w97ubens6w2gujgq4z26lja
042b82d4-3d9d-3a32-9e84-5fa3ba633d8e,192.30.208.23,JSESSIONID=faeit017rtv5bzeo5mvj3rqcyjsg4v8
24423206-dccc-3337-83bf-175c2a799363,1.42.125.39,JSESSIONID=jv8z2ycomgxk7hamjmm4v30398e9yjc
06860a3e-78eb-300e-97eb-c7aefffc87fc,7.115.15.72,JSESSIONID=uu54tbfyf9cyvgcdch2b84q79f60ymg
2291f4f8-de48-32fe-9974-c8036531e728,169.242.40.145,JSESSIONID=qyh27083ewr94u7f8n9xc1grs3bft5z
5fa108eb-fb79-32bd-ab87-6769dd6615c4,192.54.108.36,JSESSIONID=saqfji1l0kcf64pi5y5ifd864373757
8d7bfd57-bfff-3ed8-93aa-9be3faaf4dd7,192.175.117.109,JSESSIONID=hg5es4y8mondbjp9clml2ubrlwdoce5
c926abc3-bbd8-346a-8868-eecfcab78ef5,192.0.197.133,JSESSIONID=ur447erwuu96ahl01740pu22frc1ubx
91523a71-7569-35eb-be2e-a4beb3418c55,200.215.88.236,JSESSIONID=6m2n5ptye9yfzj7q2v25kip86fymtd8
e14adaa8-d672-331c-9ae1-170fcdce8a9f,192.53.193.157,JSESSIONID=lpqt4n385c73wvzy9gaqwfwqa92bhpm
8dd9157d-2d9f-32eb-b45f-b351b67bb49f,192.175.108.165,JSESSIONID=1qrxhl7t423sdz1uyphnfd0j7pf5mtz
5bb0326b-1d50-3a29-ba29-c8829401c1af,192.88.109.42,JSESSIONID=d6333qqpdoc6hqjcy2cuiu7lnf6qvhw
15184038-e739-3618-b623-a37193eabaa0,192.0.238.53,JSESSIONID=qdxvx74ebrpdxcd19wh5k0u5kkcm3s3
4237f0fc-4769-39d3-970a-7f224899b5b1,192.175.51.145,JSESSIONID=0v8wwnzkgsq3cdkb9voagom73d1myoa
29c7a9d4-4a12-3013-8a44-89e9c5902048,192.88.237.148,JSESSIONID=j4tjpiarjok4z4kw68y2wmvfpb99254
cbe4fcc7-bf2e-353e-9db2-fdb3ab5bea7d,192.88.119.64,JSESSIONID=nj2jjdn1irhem3zx493hpk8leio8ds3
bbe0815f-69a3-32b4-884c-51718b131530,203.26.250.36,JSESSIONID=vip6ikv5q6l3t9k667wfxnz7csidwej
87155188-20be-3bc8-937d-b7e991e05133,192.52.251.119,JSESSIONID=r5v3zqpzcuqkzcwxvuzwnam1rgs3u5b
98bf38a4-947c-3e71-8292-74e233c63379,198.28.228.18,JSESSIONID=hg20sm6kq9sg9l232nlbgnjscxnuu75
461c5458-62fb-342c-9fd0-476bac774511,169.81.176.93,JSESSIONID=lgy60r81x6hi4wemg2m5y6n47msonwz
f8e04fac-d72a-32ed-9b4e-30dfb301eecf,169.251.139.21,JSESSIONID=pzp66yp3w97ubens6w2gujgq4z26lja
042b82d4-3d9d-3a32-9e84-5fa3ba633d8e,192.30.208.23,JSESSIONID=faeit017rtv5bzeo5mvj3rqcyjsg4v8
24423206-dccc-3337-83bf-175c2a799363,1.42.125.39,JSESSIONID=jv8z2ycomgxk7hamjmm4v30398e9yjc
06860a3e-78eb-300e-97eb-c7aefffc87fc,7.115.15.72,JSESSIONID=uu54tbfyf9cyvgcdch2b84q79f60ymg
2291f4f8-de48-32fe-9974-c8036531e728,169.242.40.145,JSESSIONID=qyh27083ewr94u7f8n9xc1grs3bft5z
5fa108eb-fb79-32bd-ab87-6769dd6615c4,192.54.108.36,JSESSIONID=saqfji1l0kcf64pi5y5ifd864373757
8d7bfd57-bfff-3ed8-93aa-9be3faaf4dd7,192.175.117.109,JSESSIONID=hg5es4y8mondbjp9clml2ubrlwdoce5
c926abc3-bbd8-346a-8868-eecfcab78ef5,192.0.197.133,JSESSIONID=ur447erwuu96ahl01740pu22frc1ubx
91523a71-7569-35eb-be2e-a4beb3418c55,200.215.88.236,JSESSIONID=6m2n5ptye9yfzj7q2v25kip86fymtd8
e14adaa8-d672-331c-9ae1-170fcdce8a9f,192.53.193.157,JSESSIONID=lpqt4n385c73wvzy9gaqwfwqa92bhpm
8dd9157d-2d9f-32eb-b45f-b351b67bb49f,192.175.108.165,JSESSIONID=1qrxhl7t423sdz1uyphnfd0j7pf5mtz
5bb0326b-1d50-3a29-ba29-c8829401c1af,192.88.109.42,JSESSIONID=d6333qqpdoc6hqjcy2cuiu7lnf6qvhw
15184038-e739-3618-b623-a37193eabaa0,192.0.238.53,JSESSIONID=qdxvx74ebrpdxcd19wh5k0u5kkcm3s3
4237f0fc-4769-39d3-970a-7f224899b5b1,192.175.51.145,JSESSIONID=0v8wwnzkgsq3cdkb9voagom73d1myoa
29c7a9d4-4a12-3013-8a44-89e9c5902048,192.88.237.148,JSESSIONID=j4tjpiarjok4z4kw68y2wmvfpb99254
cbe4fcc7-bf2e-353e-9db2-fdb3ab5bea7d,192.88.119.64,JSESSIONID=nj2jjdn1irhem3zx493hpk8leio8ds3
bbe0815f-69a3-32b4-884c-51718b131530,203.26.250.36,JSESSIONID=vip6ikv5q6l3t9k667wfxnz7csidwej
87155188-20be-3bc8-937d-b7e991e05133,192.52.251.119,JSESSIONID=r5v3zqpzcuqkzcwxvuzwnam1rgs3u5b
98bf38a4-947c-3e71-8292-74e233c63379,198.28.228.18,JSESSIONID=hg20sm6kq9sg9l232nlbgnjscxnuu75
461c5458-62fb-342c-9fd0-476bac774511,169.81.176.93,JSESSIONID=lgy60r81x6hi4wemg2m5y6n47msonwz
f8e04fac-d72a-32ed-9b4e-30dfb301eecf,169.251.139.21,JSESSIONID=pzp66yp3w97ubens6w2gujgq4z26lja
042b82d4-3d9d-3a32-9e84-5fa3ba633d8e,192.30.208.23,JSESSIONID=faeit017rtv5bzeo5mvj3rqcyjsg4v8
24423206-dccc-3337-83bf-175c2a799363,1.42.125.39,JSESSIONID=jv8z2ycomgxk7hamjmm4v30398e9yjc
06860a3e-78eb-300e-97eb-c7aefffc87fc,7.115.15.72,JSESSIONID=uu54tbfyf9cyvgcdch2b84q79f60ymg
2291f4f8-de48-32fe-9974-c8036531e728,169.242.40.145,JSESSIONID=qyh27083ewr94u7f8n9xc1grs3bft5z
5fa108eb-fb79-32bd-ab87-6769dd6615c4,192.54.108.36,JSESSIONID=saqfji1l0kcf64pi5y5ifd864373757
8d7bfd57-bfff-3ed8-93aa-9be3faaf4dd7,192.175.117.109,JSESSIONID=hg5es4y8mondbjp9clml2ubrlwdoce5
c926abc3-bbd8-346a-8868-eecfcab78ef5,192.0.197.133,JSESSIONID=ur447erwuu96ahl01740pu22frc1ubx
91523a71-7569-35eb-be2e-a4beb3418c55,200.215.88.236,JSESSIONID=6m2n5ptye9yfzj7q2v25kip86fymtd8
e14adaa8-d672-331c-9ae1-170fcdce8a9f,192.53.193.157,JSESSIONID=lpqt4n385c73wvzy9gaqwfwqa92bhpm
8dd9157d-2d9f-32eb-b45f-b351b67bb49f,192.175.108.165,JSESSIONID=1qrxhl7t423sdz1uyphnfd0j7pf5mtz
5bb0326b-1d50-3a29-ba29-c8829401c1af,192.88.109.42,JSESSIONID=d6333qqpdoc6hqjcy2cuiu7lnf6qvhw
15184038-e739-3618-b623-a37193eabaa0,192.0.238.53,JSESSIONID=qdxvx74ebrpdxcd19wh5k0u5kkcm3s3
4237f0fc-4769-39d3-970a-7f224899b5b1,192.175.51.145,JSESSIONID=0v8wwnzkgsq3cdkb9voagom73d1myoa
44cc936a-fa36-390b-9fde-bb54695a6649,203.25.179.77,JSESSIONID=053ql9ligfwy2i2msobixyn2hn6tmvq
6acfbc15-a1fd-3695-b853-5a2e3287720b,198.173.234.222,JSESSIONID=ok27shkd1j7zignqjdq27ab61ymbrue
25537f9e-5f72-3099-9873-a44beb5a124a,192.31.174.104,JSESSIONID=qnogterfxlbtx1o69tzyba0qcuqd8pc
848ec232-c221-35d7-959b-989a5801b05a,101.190.163.206,JSESSIONID=fabon2u4l2g6kdbba4vzdho1alnrxkd
9c0a326c-4128-3838-a65a-c417f6a89422,192.174.98.59,JSESSIONID=q02grff8sptlbrjsiztohcf1nh3s0om
74358514-49a2-34aa-a894-bdd12ac2a91b,192.52.248.237,JSESSIONID=c10e8b5tv9hv9skazffy7k9mroe0ook
c5020bf0-75ed-3ddd-ad4a-b01ee96df451,192.88.108.129,JSESSIONID=i1cdycxd6rm00ewo6wg5tzj918xg6nn
2146f552-68e6-3d25-bce7-1a506bba3898,192.48.95.129,JSESSIONID=kc6ka4mu5lvv6yhzsq0b2ywodbff0pu
89ca7d9f-7fc9-3e9f-b67c-a28c031e1692,10.222.233.173,JSESSIONID=jycb7bi6i72yefwxk5ccu811w90bayf
bd79aa58-4a8c-39c8-a0e7-d0bdc7802d56,203.0.114.208,JSESSIONID=rygem2u5y7jo0ax9hl3qh87buayoqu1
2a9dcf6d-ab59-3ebb-a032-7a8b4d476d20,198.193.139.147,JSESSIONID=gx6n8mp4vxd849r00qkhkry72z5nzen
bf85f0a8-ee43-3148-a37d-6d6d7576d0bc,192.13.133.27,JSESSIONID=wjd6nfh3ztn18jovplofx759h4pswvx
ecf5a764-b220-3a03-8eeb-ea2121d6bbaa,198.51.91.232,JSESSIONID=2nw0qk85ltw8iwntmt8lz3aft26hzr8
2a6251ff-7abb-3328-9d63-3a52476f09d6,1.72.178.236,JSESSIONID=5qb76yb273vzad7xan1t4cgnse8a0vp
f997b628-3d00-3a40-9501-d29d1a239baa,192.12.132.222,JSESSIONID=8siwcmaojv8v2o8sd1fosmar4jbat1u
1c29f683-f0b2-39b8-9fc4-14e74dac92ac,202.117.197.0,JSESSIONID=qbz6le7qnlejiu10oa2vrkelnztkleo
a3f65525-3603-3f46-a11a-a95f10ec7cbf,203.4.196.226,JSESSIONID=w8bx5zjcjwshfng33qfshry0x66zz9n
415aced1-9b25-3231-a5ed-4fc8cf35ea7e,203.1.180.162,JSESSIONID=j1mmsl2keiul1wcqrrinxtt4365jdu3
c5f2a8f3-a3e2-3791-a666-6adf1ff14f40,202.170.60.67,JSESSIONID=61030lkx1v02c3z89whpmkqsa5vca7e
88a7b853-1aa6-3cf0-b0d3-d00c012136c4,169.213.167.49,JSESSIONID=o6g9o8hds36779x0c6r5f3prifomffk
3f2c22b9-c73c-3fc7-83c6-2dea4f94c5a9,192.173.202.86,JSESSIONID=5mf2zvfhigzkp77f1lwssb0kx89b0zo
61415bde-8892-3c93-8d21-8bab05dc21d5,192.31.181.238,JSESSIONID=l8q6zd2g3zl0eevpkd4i9epajdtfqgr
c840c8e8-1c72-3941-833d-5e3285f75925,192.0.99.219,JSESSIONID=5vu1ef3ikm8jkfnau3ijxjjfcrlayen
b8387d7d-e03e-398a-867d-25cbc85ef62a,192.175.51.31,JSESSIONID=8y7p9xvyjbmiwjb51buyk05v9oyj0x0
922ec3c4-b612-3156-9198-addc6bf382c8,198.37.31.119,JSESSIONID=4f9d1nglqlo56jp6vgkmw0hcvqtvw1o
deab8a5b-e902-31e1-9216-71f20172b0f7,192.89.63.84,JSESSIONID=lhp6da0r70ofv0ihka4zajnen853xaq
32b975c4-0c21-3128-90f0-64a7b4dfad51,100.28.253.62,JSESSIONID=3vny4zy10gar4y6z72ufplkf83ktor4
902077de-921e-3220-9a7e-445d1f0d12b7,192.14.64.117,JSESSIONID=cpx0x1qhfh0ojsfh5e8wr1vf9vfckqq
cd971776-9058-3bf6-b818-5d02d0af52e7,147.94.251.12,JSESSIONID=8x3z0de1blvvh3g7rpqeu1a62eeodke
bf9206b6-4cd6-3112-b23b-b904b3b76796,82.93.101.96,JSESSIONID=swqc5nnon6wx0soo9qpxqpexjzlay0g
5f7403bd-6bbe-324a-a9f8-0dc60ec1ec83,198.7.66.21,JSESSIONID=274bjborug1s0wa13dk1kbe26luy95v
821d84b2-5392-38e5-9a64-39eb6f608b89,198.51.51.88,JSESSIONID=yxfqufhzqjlauq8uhk6udgy0u1tiqwm
a06ef327-19b1-3bb7-85c8-0f3e7cba9253,192.52.204.115,JSESSIONID=s86dd0hz2t5npp2ygvu8ychhyfw3fg2
e5a49247-60f0-3650-bf56-b2102259e02d,192.52.199.90,JSESSIONID=1t8ij28as4vw6mgywd9znzkjnauzz18
bb5bb3b0-cffc-37ce-a25f-e715b540a9ea,203.37.225.50,JSESSIONID=javrh0ejt6on58g9xmqyep7lad9tr39
73b23d38-3b08-3916-99fc-ecce5ebe6024,169.239.82.87,JSESSIONID=yws6wzrn5rtgcyo96mxz34yfocwev56
b7268b22-dfae-3341-9f10-818df08b339e,198.30.49.234,JSESSIONID=ouvik85cb8q5zjt9mefyt4y1zao33ar
d1d5263c-2669-3d26-a8c3-88809c820b6f,192.205.149.197,JSESSIONID=grsqu8eux2tv203ksyvb3onilncbe8m
64891d7f-d443-36ed-baa1-1a271e109183,221.154.68.20,JSESSIONID=b36sf998c7wpyoy41r26vjmw9o1ixhm
2169863d-53e8-3f94-abd6-49a2de2446ac,192.79.180.141,JSESSIONID=vdzfhi00dp866cbhjl2lefhfsh3kdtm
44cc936a-fa36-390b-9fde-bb54695a6649,203.25.179.77,JSESSIONID=053ql9ligfwy2i2msobixyn2hn6tmvq
6acfbc15-a1fd-3695-b853-5a2e3287720b,198.173.234.222,JSESSIONID=ok27shkd1j7zignqjdq27ab61ymbrue
25537f9e-5f72-3099-9873-a44beb5a124a,192.31.174.104,JSESSIONID=qnogterfxlbtx1o69tzyba0qcuqd8pc
848ec232-c221-35d7-959b-989a5801b05a,101.190.163.206,JSESSIONID=fabon2u4l2g6kdbba4vzdho1alnrxkd
9c0a326c-4128-3838-a65a-c417f6a89422,192.174.98.59,JSESSIONID=q02grff8sptlbrjsiztohcf1nh3s0om
74358514-49a2-34aa-a894-bdd12ac2a91b,192.52.248.237,JSESSIONID=c10e8b5tv9hv9skazffy7k9mroe0ook
c5020bf0-75ed-3ddd-ad4a-b01ee96df451,192.88.108.129,JSESSIONID=i1cdycxd6rm00ewo6wg5tzj918xg6nn
2146f552-68e6-3d25-bce7-1a506bba3898,192.48.95.129,JSESSIONID=kc6ka4mu5lvv6yhzsq0b2ywodbff0pu
89ca7d9f-7fc9-3e9f-b67c-a28c031e1692,10.222.233.173,JSESSIONID=jycb7bi6i72yefwxk5ccu811w90bayf
bd79aa58-4a8c-39c8-a0e7-d0bdc7802d56,203.0.114.208,JSESSIONID=rygem2u5y7jo0ax9hl3qh87buayoqu1
2a9dcf6d-ab59-3ebb-a032-7a8b4d476d20,198.193.139.147,JSESSIONID=gx6n8mp4vxd849r00qkhkry72z5nzen
bf85f0a8-ee43-3148-a37d-6d6d7576d0bc,192.13.133.27,JSESSIONID=wjd6nfh3ztn18jovplofx759h4pswvx
ecf5a764-b220-3a03-8eeb-ea2121d6bbaa,198.51.91.232,JSESSIONID=2nw0qk85ltw8iwntmt8lz3aft26hzr8
2a6251ff-7abb-3328-9d63-3a52476f09d6,1.72.178.236,JSESSIONID=5qb76yb273vzad7xan1t4cgnse8a0vp
f997b628-3d00-3a40-9501-d29d1a239baa,192.12.132.222,JSESSIONID=8siwcmaojv8v2o8sd1fosmar4jbat1u
1c29f683-f0b2-39b8-9fc4-14e74dac92ac,202.117.197.0,JSESSIONID=qbz6le7qnlejiu10oa2vrkelnztkleo
a3f65525-3603-3f46-a11a-a95f10ec7cbf,203.4.196.226,JSESSIONID=w8bx5zjcjwshfng33qfshry0x66zz9n
415aced1-9b25-3231-a5ed-4fc8cf35ea7e,203.1.180.162,JSESSIONID=j1mmsl2keiul1wcqrrinxtt4365jdu3
c5f2a8f3-a3e2-3791-a666-6adf1ff14f40,202.170.60.67,JSESSIONID=61030lkx1v02c3z89whpmkqsa5vca7e
88a7b853-1aa6-3cf0-b0d3-d00c012136c4,169.213.167.49,JSESSIONID=o6g9o8hds36779x0c6r5f3prifomffk
3f2c22b9-c73c-3fc7-83c6-2dea4f94c5a9,192.173.202.86,JSESSIONID=5mf2zvfhigzkp77f1lwssb0kx89b0zo
61415bde-8892-3c93-8d21-8bab05dc21d5,192.31.181.238,JSESSIONID=l8q6zd2g3zl0eevpkd4i9epajdtfqgr
c840c8e8-1c72-3941-833d-5e3285f75925,192.0.99.219,JSESSIONID=5vu1ef3ikm8jkfnau3ijxjjfcrlayen
b8387d7d-e03e-398a-867d-25cbc85ef62a,192.175.51.31,JSESSIONID=8y7p9xvyjbmiwjb51buyk05v9oyj0x0
922ec3c4-b612-3156-9198-addc6bf382c8,198.37.31.119,JSESSIONID=4f9d1nglqlo56jp6vgkmw0hcvqtvw1o
deab8a5b-e902-31e1-9216-71f20172b0f7,192.89.63.84,JSESSIONID=lhp6da0r70ofv0ihka4zajnen853xaq
32b975c4-0c21-3128-90f0-64a7b4dfad51,100.28.253.62,JSESSIONID=3vny4zy10gar4y6z72ufplkf83ktor4
902077de-921e-3220-9a7e-445d1f0d12b7,192.14.64.117,JSESSIONID=cpx0x1qhfh0ojsfh5e8wr1vf9vfckqq
cd971776-9058-3bf6-b818-5d02d0af52e7,147.94.251.12,JSESSIONID=8x3z0de1blvvh3g7rpqeu1a62eeodke
bf9206b6-4cd6-3112-b23b-b904b3b76796,82.93.101.96,JSESSIONID=swqc5nnon6wx0soo9qpxqpexjzlay0g
5f7403bd-6bbe-324a-a9f8-0dc60ec1ec83,198.7.66.21,JSESSIONID=274bjborug1s0wa13dk1kbe26luy95v
821d84b2-5392-38e5-9a64-39eb6f608b89,198.51.51.88,JSESSIONID=yxfqufhzqjlauq8uhk6udgy0u1tiqwm
a06ef327-19b1-3bb7-85c8-0f3e7cba9253,192.52.204.115,JSESSIONID=s86dd0hz2t5npp2ygvu8ychhyfw3fg2
e5a49247-60f0-3650-bf56-b2102259e02d,192.52.199.90,JSESSIONID=1t8ij28as4vw6mgywd9znzkjnauzz18
bb5bb3b0-cffc-37ce-a25f-e715b540a9ea,203.37.225.50,JSESSIONID=javrh0ejt6on58g9xmqyep7lad9tr39
73b23d38-3b08-3916-99fc-ecce5ebe6024,169.239.82.87,JSESSIONID=yws6wzrn5rtgcyo96mxz34yfocwev56
b7268b22-dfae-3341-9f10-818df08b339e,198.30.49.234,JSESSIONID=ouvik85cb8q5zjt9mefyt4y1zao33ar
d1d5263c-2669-3d26-a8c3-88809c820b6f,192.205.149.197,JSESSIONID=grsqu8eux2tv203ksyvb3onilncbe8m
64891d7f-d443-36ed-baa1-1a271e109183,221.154.68.20,JSESSIONID=b36sf998c7wpyoy41r26vjmw9o1ixhm
2169863d-53e8-3f94-abd6-49a2de2446ac,192.79.180.141,JSESSIONID=vdzfhi00dp866cbhjl2lefhfsh3kdtm
44cc936a-fa36-390b-9fde-bb54695a6649,203.25.179.77,JSESSIONID=053ql9ligfwy2i2msobixyn2hn6tmvq
6acfbc15-a1fd-3695-b853-5a2e3287720b,198.173.234.222,JSESSIONID=ok27shkd1j7zignqjdq27ab61ymbrue
25537f9e-5f72-3099-9873-a44beb5a124a,192.31.174.104,JSESSIONID=qnogterfxlbtx1o69tzyba0qcuqd8pc
848ec232-c221-35d7-959b-989a5801b05a,101.190.163.206,JSESSIONID=fabon2u4l2g6kdbba4vzdho1alnrxkd
9c0a326c-4128-3838-a65a-c417f6a89422,192.174.98.59,JSESSIONID=q02grff8sptlbrjsiztohcf1nh3s0om
74358514-49a2-34aa-a894-bdd12ac2a91b,192.52.248.237,JSESSIONID=c10e8b5tv9hv9skazffy7k9mroe0ook
c5020bf0-75ed-3ddd-ad4a-b01ee96df451,192.88.108.129,JSESSIONID=i1cdycxd6rm00ewo6wg5tzj918xg6nn
2146f552-68e6-3d25-bce7-1a506bba3898,192.48.95.129,JSESSIONID=kc6ka4mu5lvv6yhzsq0b2ywodbff0pu
89ca7d9f-7fc9-3e9f-b67c-a28c031e1692,10.222.233.173,JSESSIONID=jycb7bi6i72yefwxk5ccu811w90bayf
bd79aa58-4a8c-39c8-a0e7-d0bdc7802d56,203.0.114.208,JSESSIONID=rygem2u5y7jo0ax9hl3qh87buayoqu1
2a9dcf6d-ab59-3ebb-a032-7a8b4d476d20,198.193.139.147,JSESSIONID=gx6n8mp4vxd849r00qkhkry72z5nzen
bf85f0a8-ee43-3148-a37d-6d6d7576d0bc,192.13.133.27,JSESSIONID=wjd6nfh3ztn18jovplofx759h4pswvx
ecf5a764-b220-3a03-8eeb-ea2121d6bbaa,198.51.91.232,JSESSIONID=2nw0qk85ltw8iwntmt8lz3aft26hzr8
2a6251ff-7abb-3328-9d63-3a52476f09d6,1.72.178.236,JSESSIONID=5qb76yb273vzad7xan1t4cgnse8a0vp
f997b628-3d00-3a40-9501-d29d1a239baa,192.12.132.222,JSESSIONID=8siwcmaojv8v2o8sd1fosmar4jbat1u
1c29f683-f0b2-39b8-9fc4-14e74dac92ac,202.117.197.0,JSESSIONID=qbz6le7qnlejiu10oa2vrkelnztkleo
a3f65525-3603-3f46-a11a-a95f10ec7cbf,203.4.196.226,JSESSIONID=w8bx5zjcjwshfng33qfshry0x66zz9n
415aced1-9b25-3231-a5ed-4fc8cf35ea7e,203.1.180.162,JSESSIONID=j1mmsl2keiul1wcqrrinxtt4365jdu3
c5f2a8f3-a3e2-3791-a666-6adf1ff14f40,202.170.60.67,JSESSIONID=61030lkx1v02c3z89whpmkqsa5vca7e
88a7b853-1aa6-3cf0-b0d3-d00c012136c4,169.213.167.49,JSESSIONID=o6g9o8hds36779x0c6r5f3prifomffk
3f2c22b9-c73c-3fc7-83c6-2dea4f94c5a9,192.173.202.86,JSESSIONID=5mf2zvfhigzkp77f1lwssb0kx89b0zo
61415bde-8892-3c93-8d21-8bab05dc21d5,192.31.181.238,JSESSIONID=l8q6zd2g3zl0eevpkd4i9epajdtfqgr
c840c8e8-1c72-3941-833d-5e3285f75925,192.0.99.219,JSESSIONID=5vu1ef3ikm8jkfnau3ijxjjfcrlayen
b8387d7d-e03e-398a-867d-25cbc85ef62a,192.175.51.31,JSESSIONID=8y7p9xvyjbmiwjb51buyk05v9oyj0x0
922ec3c4-b612-3156-9198-addc6bf382c8,198.37.31.119,JSESSIONID=4f9d1nglqlo56jp6vgkmw0hcvqtvw1o
deab8a5b-e902-31e1-9216-71f20172b0f7,192.89.63.84,JSESSIONID=lhp6da0r70ofv0ihka4zajnen853xaq
32b975c4-0c21-3128-90f0-64a7b4dfad51,100.28.253.62,JSESSIONID=3vny4zy10gar4y6z72ufplkf83ktor4
902077de-921e-3220-9a7e-445d1f0d12b7,192.14.64.117,JSESSIONID=cpx0x1qhfh0ojsfh5e8wr1vf9vfckqq
cd971776-9058-3bf6-b818-5d02d0af52e7,147.94.251.12,JSESSIONID=8x3z0de1blvvh3g7rpqeu1a62eeodke
bf9206b6-4cd6-3112-b23b-b904b3b76796,82.93.101.96,JSESSIONID=swqc5nnon6wx0soo9qpxqpexjzlay0g
5f7403bd-6bbe-324a-a9f8-0dc60ec1ec83,198.7.66.21,JSESSIONID=274bjborug1s0wa13dk1kbe26luy95v
821d84b2-5392-38e5-9a64-39eb6f608b89,198.51.51.88,JSESSIONID=yxfqufhzqjlauq8uhk6udgy0u1tiqwm
a06ef327-19b1-3bb7-85c8-0f3e7cba9253,192.52.204.115,JSESSIONID=s86dd0hz2t5npp2ygvu8ychhyfw3fg2
e5a49247-60f0-3650-bf56-b2102259e02d,192.52.199.90,JSESSIONID=1t8ij28as4vw6mgywd9znzkjnauzz18
bb5bb3b0-cffc-37ce-a25f-e715b540a9ea,203.37.225.50,JSESSIONID=javrh0ejt6on58g9xmqyep7lad9tr39
73b23d38-3b08-3916-99fc-ecce5ebe6024,169.239.82.87,JSESSIONID=yws6wzrn5rtgcyo96mxz34yfocwev56
b7268b22-dfae-3341-9f10-818df08b339e,198.30.49.234,JSESSIONID=ouvik85cb8q5zjt9mefyt4y1zao33ar
d1d5263c-2669-3d26-a8c3-88809c820b6f,192.205.149.197,JSESSIONID=grsqu8eux2tv203ksyvb3onilncbe8m
64891d7f-d443-36ed-baa1-1a271e109183,221.154.68.20,JSESSIONID=b36sf998c7wpyoy41r26vjmw9o1ixhm
2169863d-53e8-3f94-abd6-49a2de2446ac,192.79.180.141,JSESSIONID=vdzfhi00dp866cbhjl2lefhfsh3kdtm
71203cee-66de-36dc-82dd-9a85bf762a1b,192.1.154.197,JSESSIONID=ibu34w5oo5j6j5taq592sk8vqmc4qmi
5b4953f2-9a72-313c-accb-d00f45fa1c78,203.0.112.220,JSESSIONID=vba3i14w8pezuar2m9iyuyykz58qpu7
84d29c98-b210-3d1e-baae-5729bcc624bd,124.78.28.180,JSESSIONID=4nngilqe1iih14vyksxcsiw1740m4pv
eab1f949-355b-320a-b3f6-b026b17b87ad,169.243.116.245,JSESSIONID=ok0nz6xb7xi0edsrz8gfxs38ptsl3dv
0f88d558-d3ff-3b59-8f65-24cee83142ce,192.31.202.88,JSESSIONID=pterwp443un5hv9bqg9sbbefs5mr604
45c97990-8f1c-3271-b741-f2a0445700a9,203.3.167.128,JSESSIONID=8y4pw523j6pyqvhzdawdkeo7a8jlhil
d3ac3bca-536a-314a-ad78-a65dc9450084,198.34.103.234,JSESSIONID=yn2s10ygz1591qxutpanzjaqxrnhdsx
46fbabc3-64da-3d74-9499-c3d7402273cd,192.60.194.103,JSESSIONID=jeyh1erni7f5r5w5fox52kegd7if06t
125842e9-6645-34a9-b2df-115fac3f5e65,203.1.61.253,JSESSIONID=pdm0yjgm7sou2yg0fbxl6tc1fevxt6k
597d245f-3991-3a33-a351-d7c0ebdd5eda,198.51.127.10,JSESSIONID=fbbv54fobgevlhyjdylp4lxkpe2bfqg
71203cee-66de-36dc-82dd-9a85bf762a1b,192.1.154.197,JSESSIONID=ibu34w5oo5j6j5taq592sk8vqmc4qmi
5b4953f2-9a72-313c-accb-d00f45fa1c78,203.0.112.220,JSESSIONID=vba3i14w8pezuar2m9iyuyykz58qpu7
84d29c98-b210-3d1e-baae-5729bcc624bd,124.78.28.180,JSESSIONID=4nngilqe1iih14vyksxcsiw1740m4pv
eab1f949-355b-320a-b3f6-b026b17b87ad,169.243.116.245,JSESSIONID=ok0nz6xb7xi0edsrz8gfxs38ptsl3dv
0f88d558-d3ff-3b59-8f65-24cee83142ce,192.31.202.88,JSESSIONID=pterwp443un5hv9bqg9sbbefs5mr604
45c97990-8f1c-3271-b741-f2a0445700a9,203.3.167.128,JSESSIONID=8y4pw523j6pyqvhzdawdkeo7a8jlhil
d3ac3bca-536a-314a-ad78-a65dc9450084,198.34.103.234,JSESSIONID=yn2s10ygz1591qxutpanzjaqxrnhdsx
46fbabc3-64da-3d74-9499-c3d7402273cd,192.60.194.103,JSESSIONID=jeyh1erni7f5r5w5fox52kegd7if06t
125842e9-6645-34a9-b2df-115fac3f5e65,203.1.61.253,JSESSIONID=pdm0yjgm7sou2yg0fbxl6tc1fevxt6k
597d245f-3991-3a33-a351-d7c0ebdd5eda,198.51.127.10,JSESSIONID=fbbv54fobgevlhyjdylp4lxkpe2bfqg
71203cee-66de-36dc-82dd-9a85bf762a1b,192.1.154.197,JSESSIONID=ibu34w5oo5j6j5taq592sk8vqmc4qmi
5b4953f2-9a72-313c-accb-d00f45fa1c78,203.0.112.220,JSESSIONID=vba3i14w8pezuar2m9iyuyykz58qpu7
84d29c98-b210-3d1e-baae-5729bcc624bd,124.78.28.180,JSESSIONID=4nngilqe1iih14vyksxcsiw1740m4pv
eab1f949-355b-320a-b3f6-b026b17b87ad,169.243.116.245,JSESSIONID=ok0nz6xb7xi0edsrz8gfxs38ptsl3dv
0f88d558-d3ff-3b59-8f65-24cee83142ce,192.31.202.88,JSESSIONID=pterwp443un5hv9bqg9sbbefs5mr604
45c97990-8f1c-3271-b741-f2a0445700a9,203.3.167.128,JSESSIONID=8y4pw523j6pyqvhzdawdkeo7a8jlhil
d3ac3bca-536a-314a-ad78-a65dc9450084,198.34.103.234,JSESSIONID=yn2s10ygz1591qxutpanzjaqxrnhdsx
46fbabc3-64da-3d74-9499-c3d7402273cd,192.60.194.103,JSESSIONID=jeyh1erni7f5r5w5fox52kegd7if06t
125842e9-6645-34a9-b2df-115fac3f5e65,203.1.61.253,JSESSIONID=pdm0yjgm7sou2yg0fbxl6tc1fevxt6k
597d245f-3991-3a33-a351-d7c0ebdd5eda,198.51.127.10,JSESSIONID=fbbv54fobgevlhyjdylp4lxkpe2bfqg
71203cee-66de-36dc-82dd-9a85bf762a1b,192.1.154.197,JSESSIONID=ibu34w5oo5j6j5taq592sk8vqmc4qmi
5b4953f2-9a72-313c-accb-d00f45fa1c78,203.0.112.220,JSESSIONID=vba3i14w8pezuar2m9iyuyykz58qpu7
84d29c98-b210-3d1e-baae-5729bcc624bd,124.78.28.180,JSESSIONID=4nngilqe1iih14vyksxcsiw1740m4pv
eab1f949-355b-320a-b3f6-b026b17b87ad,169.243.116.245,JSESSIONID=ok0nz6xb7xi0edsrz8gfxs38ptsl3dv
0f88d558-d3ff-3b59-8f65-24cee83142ce,192.31.202.88,JSESSIONID=pterwp443un5hv9bqg9sbbefs5mr604
45c97990-8f1c-3271-b741-f2a0445700a9,203.3.167.128,JSESSIONID=8y4pw523j6pyqvhzdawdkeo7a8jlhil
d3ac3bca-536a-314a-ad78-a65dc9450084,198.34.103.234,JSESSIONID=yn2s10ygz1591qxutpanzjaqxrnhdsx
46fbabc3-64da-3d74-9499-c3d7402273cd,192.60.194.103,JSESSIONID=jeyh1erni7f5r5w5fox52kegd7if06t
125842e9-6645-34a9-b2df-115fac3f5e65,203.1.61.253,JSESSIONID=pdm0yjgm7sou2yg0fbxl6tc1fevxt6k
597d245f-3991-3a33-a351-d7c0ebdd5eda,198.51.127.10,JSESSIONID=fbbv54fobgevlhyjdylp4lxkpe2bfqg
71203cee-66de-36dc-82dd-9a85bf762a1b,192.1.154.197,JSESSIONID=ibu34w5oo5j6j5taq592sk8vqmc4qmi
5b4953f2-9a72-313c-accb-d00f45fa1c78,203.0.112.220,JSESSIONID=vba3i14w8pezuar2m9iyuyykz58qpu7
84d29c98-b210-3d1e-baae-5729bcc624bd,124.78.28.180,JSESSIONID=4nngilqe1iih14vyksxcsiw1740m4pv
eab1f949-355b-320a-b3f6-b026b17b87ad,169.243.116.245,JSESSIONID=ok0nz6xb7xi0edsrz8gfxs38ptsl3dv
0f88d558-d3ff-3b59-8f65-24cee83142ce,192.31.202.88,JSESSIONID=pterwp443un5hv9bqg9sbbefs5mr604
45c97990-8f1c-3271-b741-f2a0445700a9,203.3.167.128,JSESSIONID=8y4pw523j6pyqvhzdawdkeo7a8jlhil
d3ac3bca-536a-314a-ad78-a65dc9450084,198.34.103.234,JSESSIONID=yn2s10ygz1591qxutpanzjaqxrnhdsx
46fbabc3-64da-3d74-9499-c3d7402273cd,192.60.194.103,JSESSIONID=jeyh1erni7f5r5w5fox52kegd7if06t
125842e9-6645-34a9-b2df-115fac3f5e65,203.1.61.253,JSESSIONID=pdm0yjgm7sou2yg0fbxl6tc1fevxt6k
597d245f-3991-3a33-a351-d7c0ebdd5eda,198.51.127.10,JSESSIONID=fbbv54fobgevlhyjdylp4lxkpe2bfqg
f7d0fdc5-1e4f-3771-8f3c-4f99b7acee9e,192.88.237.148,JSESSIONID=j4tjpiarjok4z4kw68y2wmvfpb99254
0f69cea5-622d-36f7-ab21-518b4cc66c4b,192.88.119.64,JSESSIONID=nj2jjdn1irhem3zx493hpk8leio8ds3
c855c5e0-8254-3f70-9567-398888b7425b,203.26.250.36,JSESSIONID=vip6ikv5q6l3t9k667wfxnz7csidwej
62a745ba-534e-3b20-b37f-e7b341587748,192.52.251.119,JSESSIONID=r5v3zqpzcuqkzcwxvuzwnam1rgs3u5b
80e50a4f-d4a0-31a2-8d72-df94cc665b16,198.28.228.18,JSESSIONID=hg20sm6kq9sg9l232nlbgnjscxnuu75
f7d0fdc5-1e4f-3771-8f3c-4f99b7acee9e,192.88.237.148,JSESSIONID=j4tjpiarjok4z4kw68y2wmvfpb99254
0f69cea5-622d-36f7-ab21-518b4cc66c4b,192.88.119.64,JSESSIONID=nj2jjdn1irhem3zx493hpk8leio8ds3
c855c5e0-8254-3f70-9567-398888b7425b,203.26.250.36,JSESSIONID=vip6ikv5q6l3t9k667wfxnz7csidwej
62a745ba-534e-3b20-b37f-e7b341587748,192.52.251.119,JSESSIONID=r5v3zqpzcuqkzcwxvuzwnam1rgs3u5b
80e50a4f-d4a0-31a2-8d72-df94cc665b16,198.28.228.18,JSESSIONID=hg20sm6kq9sg9l232nlbgnjscxnuu75
8580000f-40f2-3ea1-b929-2c866b0c5d39,169.81.176.93,JSESSIONID=lgy60r81x6hi4wemg2m5y6n47msonwz
5e58864c-4db3-3e27-ad10-621d1f9655f9,169.251.139.21,JSESSIONID=pzp66yp3w97ubens6w2gujgq4z26lja
242f6a7d-3e4a-3443-a46e-57d299503a8b,192.30.208.23,JSESSIONID=faeit017rtv5bzeo5mvj3rqcyjsg4v8
76370865-b3f2-3ed4-8577-56cb8412c5cd,1.42.125.39,JSESSIONID=jv8z2ycomgxk7hamjmm4v30398e9yjc
f8ba0f37-0790-37de-b3ba-8f2c9c05f2f8,7.115.15.72,JSESSIONID=uu54tbfyf9cyvgcdch2b84q79f60ymg
7a8b9aab-5104-3ff1-b805-93886112afdb,169.242.40.145,JSESSIONID=qyh27083ewr94u7f8n9xc1grs3bft5z
8a868551-86a5-3f79-91e8-1692b3f0456d,192.54.108.36,JSESSIONID=saqfji1l0kcf64pi5y5ifd864373757
b221b84b-7a1d-37cd-91bf-50a2cc553a99,192.175.117.109,JSESSIONID=hg5es4y8mondbjp9clml2ubrlwdoce5
f32d87f9-65a6-3b31-9141-e1f2b5b0fe1e,192.0.197.133,JSESSIONID=ur447erwuu96ahl01740pu22frc1ubx
5392d042-edeb-3553-af58-daa93010200a,200.215.88.236,JSESSIONID=6m2n5ptye9yfzj7q2v25kip86fymtd8
23404c4e-db07-3442-aa89-bde19c5e7328,192.53.193.157,JSESSIONID=lpqt4n385c73wvzy9gaqwfwqa92bhpm
81aaac4c-4b03-373e-a3cb-c83daa70a56f,192.175.108.165,JSESSIONID=1qrxhl7t423sdz1uyphnfd0j7pf5mtz
cbb54c04-08b0-34cf-aefe-070698bcda71,192.88.109.42,JSESSIONID=d6333qqpdoc6hqjcy2cuiu7lnf6qvhw
ec034451-caf7-389f-99fb-3a408e060b68,192.0.238.53,JSESSIONID=qdxvx74ebrpdxcd19wh5k0u5kkcm3s3
4625998b-c5ba-31c2-80fc-d047e9aa0e75,192.175.51.145,JSESSIONID=0v8wwnzkgsq3cdkb9voagom73d1myoa
fd87f619-6a4e-3ce0-b460-4895fb78ed59,203.25.179.77,JSESSIONID=053ql9ligfwy2i2msobixyn2hn6tmvq
9b13f35f-a44c-3b65-ba7a-828ffdee7ffc,198.173.234.222,JSESSIONID=ok27shkd1j7zignqjdq27ab61ymbrue
20ecd4f8-9cfb-3494-8f53-64823262e473,192.31.174.104,JSESSIONID=qnogterfxlbtx1o69tzyba0qcuqd8pc
9310324f-c26d-3e50-94a7-4163fd54654b,101.190.163.206,JSESSIONID=fabon2u4l2g6kdbba4vzdho1alnrxkd
eb06b44e-07d7-39a8-ac45-fb4db303c6bc,192.174.98.59,JSESSIONID=q02grff8sptlbrjsiztohcf1nh3s0om
7e19f490-4a89-3bef-85be-c548205a40a5,198.51.108.174,JSESSIONID=urh4inufzvu5gziqfxjo0ssqbov8vbg
3161dfd3-7dc8-3083-80a5-2a45679d30e4,192.88.124.101,JSESSIONID=9917d6m0omqjtww2seya4m5nd6wpo0c
9206da3f-753f-3dd6-8df3-3447d701adbc,9.246.252.46,JSESSIONID=3cc29bbsy7n7v2u36mt76eloam2rlcj
bfeef351-275d-3974-81c3-9b89734fba6c,117.231.84.126,JSESSIONID=jg6u5ec5gqdv3klq5fsaoz9q26i6w9u
5603129c-c8b3-3496-8445-ea422d916a9e,203.98.51.32,JSESSIONID=rbnnkh0tkdugwv7sr5pu6tliax0o10k
e1a65d57-a12b-33b1-a34d-f7c714697a55,192.14.156.171,JSESSIONID=gabq2wrs9npkfsj3ws9l57vrp6f8238
e4c96954-8e04-3446-b948-73b5b21b5353,192.0.1.153,JSESSIONID=266njf3f042bfhd424pv8m3m48q0rml
7c217523-5950-3cc4-828b-53f7811a3365,192.175.51.46,JSESSIONID=cxlqnurd8ajlq7cg51op1x0iuqwwcop
64806b38-bc0f-3348-ac61-9d741341e5f6,20.209.165.69,JSESSIONID=0umew34e13qrd60bw3qmcoblofqqcf1
a5b76e92-77bc-39c1-b7ab-8213696c0695,203.18.118.31,JSESSIONID=21fug8dd9gc9eicz2s4pmp3hhi3diwm
8d43c266-3801-3fb7-8101-1a565894ece9,122.142.197.106,JSESSIONID=9tq752742bnx43vdz9648hn4in9tb2u
758b5ade-5cfd-3eb7-9889-cab143f2aa30,100.220.207.136,JSESSIONID=ef4ursemry5t2lfe7028o4pta91r02l
938c6339-53ff-35a7-8fab-ae445f641ec7,198.51.99.245,JSESSIONID=gkszugu50b7imf25sndmkq09jx2ujug
6ad4b2b8-6f7a-35f1-a6dc-739d5624ec4c,203.72.221.55,JSESSIONID=xgwu6lmwtktdr05rpy2elioakf4omk7
9189f752-9230-3756-ad67-f64379b453e4,169.227.243.88,JSESSIONID=91bnlt2c95qitnezz18zh98h2qzbhnf
8580000f-40f2-3ea1-b929-2c866b0c5d39,169.81.176.93,JSESSIONID=lgy60r81x6hi4wemg2m5y6n47msonwz
5e58864c-4db3-3e27-ad10-621d1f9655f9,169.251.139.21,JSESSIONID=pzp66yp3w97ubens6w2gujgq4z26lja
242f6a7d-3e4a-3443-a46e-57d299503a8b,192.30.208.23,JSESSIONID=faeit017rtv5bzeo5mvj3rqcyjsg4v8
76370865-b3f2-3ed4-8577-56cb8412c5cd,1.42.125.39,JSESSIONID=jv8z2ycomgxk7hamjmm4v30398e9yjc
f8ba0f37-0790-37de-b3ba-8f2c9c05f2f8,7.115.15.72,JSESSIONID=uu54tbfyf9cyvgcdch2b84q79f60ymg
7a8b9aab-5104-3ff1-b805-93886112afdb,169.242.40.145,JSESSIONID=qyh27083ewr94u7f8n9xc1grs3bft5z
8a868551-86a5-3f79-91e8-1692b3f0456d,192.54.108.36,JSESSIONID=saqfji1l0kcf64pi5y5ifd864373757
b221b84b-7a1d-37cd-91bf-50a2cc553a99,192.175.117.109,JSESSIONID=hg5es4y8mondbjp9clml2ubrlwdoce5
f32d87f9-65a6-3b31-9141-e1f2b5b0fe1e,192.0.197.133,JSESSIONID=ur447erwuu96ahl01740pu22frc1ubx
5392d042-edeb-3553-af58-daa93010200a,200.215.88.236,JSESSIONID=6m2n5ptye9yfzj7q2v25kip86fymtd8
23404c4e-db07-3442-aa89-bde19c5e7328,192.53.193.157,JSESSIONID=lpqt4n385c73wvzy9gaqwfwqa92bhpm
81aaac4c-4b03-373e-a3cb-c83daa70a56f,192.175.108.165,JSESSIONID=1qrxhl7t423sdz1uyphnfd0j7pf5mtz
cbb54c04-08b0-34cf-aefe-070698bcda71,192.88.109.42,JSESSIONID=d6333qqpdoc6hqjcy2cuiu7lnf6qvhw
ec034451-caf7-389f-99fb-3a408e060b68,192.0.238.53,JSESSIONID=qdxvx74ebrpdxcd19wh5k0u5kkcm3s3
4625998b-c5ba-31c2-80fc-d047e9aa0e75,192.175.51.145,JSESSIONID=0v8wwnzkgsq3cdkb9voagom73d1myoa
fd87f619-6a4e-3ce0-b460-4895fb78ed59,203.25.179.77,JSESSIONID=053ql9ligfwy2i2msobixyn2hn6tmvq
9b13f35f-a44c-3b65-ba7a-828ffdee7ffc,198.173.234.222,JSESSIONID=ok27shkd1j7zignqjdq27ab61ymbrue
20ecd4f8-9cfb-3494-8f53-64823262e473,192.31.174.104,JSESSIONID=qnogterfxlbtx1o69tzyba0qcuqd8pc
9310324f-c26d-3e50-94a7-4163fd54654b,101.190.163.206,JSESSIONID=fabon2u4l2g6kdbba4vzdho1alnrxkd
eb06b44e-07d7-39a8-ac45-fb4db303c6bc,192.174.98.59,JSESSIONID=q02grff8sptlbrjsiztohcf1nh3s0om
7e19f490-4a89-3bef-85be-c548205a40a5,198.51.108.174,JSESSIONID=urh4inufzvu5gziqfxjo0ssqbov8vbg
3161dfd3-7dc8-3083-80a5-2a45679d30e4,192.88.124.101,JSESSIONID=9917d6m0omqjtww2seya4m5nd6wpo0c
9206da3f-753f-3dd6-8df3-3447d701adbc,9.246.252.46,JSESSIONID=3cc29bbsy7n7v2u36mt76eloam2rlcj
bfeef351-275d-3974-81c3-9b89734fba6c,117.231.84.126,JSESSIONID=jg6u5ec5gqdv3klq5fsaoz9q26i6w9u
5603129c-c8b3-3496-8445-ea422d916a9e,203.98.51.32,JSESSIONID=rbnnkh0tkdugwv7sr5pu6tliax0o10k
e1a65d57-a12b-33b1-a34d-f7c714697a55,192.14.156.171,JSESSIONID=gabq2wrs9npkfsj3ws9l57vrp6f8238
e4c96954-8e04-3446-b948-73b5b21b5353,192.0.1.153,JSESSIONID=266njf3f042bfhd424pv8m3m48q0rml
7c217523-5950-3cc4-828b-53f7811a3365,192.175.51.46,JSESSIONID=cxlqnurd8ajlq7cg51op1x0iuqwwcop
64806b38-bc0f-3348-ac61-9d741341e5f6,20.209.165.69,JSESSIONID=0umew34e13qrd60bw3qmcoblofqqcf1
a5b76e92-77bc-39c1-b7ab-8213696c0695,203.18.118.31,JSESSIONID=21fug8dd9gc9eicz2s4pmp3hhi3diwm
8d43c266-3801-3fb7-8101-1a565894ece9,122.142.197.106,JSESSIONID=9tq752742bnx43vdz9648hn4in9tb2u
758b5ade-5cfd-3eb7-9889-cab143f2aa30,100.220.207.136,JSESSIONID=ef4ursemry5t2lfe7028o4pta91r02l
938c6339-53ff-35a7-8fab-ae445f641ec7,198.51.99.245,JSESSIONID=gkszugu50b7imf25sndmkq09jx2ujug
6ad4b2b8-6f7a-35f1-a6dc-739d5624ec4c,203.72.221.55,JSESSIONID=xgwu6lmwtktdr05rpy2elioakf4omk7
9189f752-9230-3756-ad67-f64379b453e4,169.227.243.88,JSESSIONID=91bnlt2c95qitnezz18zh98h2qzbhnf
