401,{"fault":{"code":900901,"message":"Invalid Credentials","description":"Access failure for API: /places/1, version: 1 status: (900901) - Invalid Credentials. Make sure you have given the correct access token"}},Online Shopping,places,joshua99,5bdd46aa-46f9-3928-a5fe-9a1004567d40
401,{"fault":{"code":900901,"message":"Invalid Credentials","description":"Access failure for API: /news/1, version: 1 status: (900901) - Invalid Credentials. Make sure you have given the correct access token"}},Online Shopping,news,kelli92,e4f8f22e-b0ef-3f35-8216-253bf8d767cc
401,{"fault":{"code":900901,"message":"Invalid Credentials","description":"Access failure for API: /news/1, version: 1 status: (900901) - Invalid Credentials. Make sure you have given the correct access token"}},Online Shopping,news,kenneth93,c314507b-1943-3c71-9d60-c1dfac23a8eb
401,{"fault":{"code":900901,"message":"Invalid Credentials","description":"Access failure for API: /news/1, version: 1 status: (900901) - Invalid Credentials. Make sure you have given the correct access token"}},Online Shopping,news,michael96,73fc0099-3492-33b6-be80-5c33afa2d44a
401,{"fault":{"code":900901,"message":"Invalid Credentials","description":"Access failure for API: /places/1, version: 1 status: (900901) - Invalid Credentials. Make sure you have given the correct access token"}},Online Shopping,places,jason100,2e2a7958-1305-36f9-9c55-e105f4541eaf
401,{"fault":{"code":900901,"message":"Invalid Credentials","description":"Access failure for API: /news/1, version: 1 status: (900901) - Invalid Credentials. Make sure you have given the correct access token"}},Online Shopping,news,janice91,0770e7c5-6ba6-3a49-a9bc-53798ceefd62
401,{"fault":{"code":900901,"message":"Invalid Credentials","description":"Access failure for API: /places/1, version: 1 status: (900901) - Invalid Credentials. Make sure you have given the correct access token"}},Online Shopping,places,michael96,73fc0099-3492-33b6-be80-5c33afa2d44a
401,{"fault":{"code":900901,"message":"Invalid Credentials","description":"Access failure for API: /news/1, version: 1 status: (900901) - Invalid Credentials. Make sure you have given the correct access token"}},Online Shopping,news,gilbert75,9a7d3ff1-f8a2-3a7c-978b-85c6cae883eb
401,{"fault":{"code":900901,"message":"Invalid Credentials","description":"Access failure for API: /news/1, version: 1 status: (900901) - Invalid Credentials. Make sure you have given the correct access token"}},Online Shopping,news,jorge95,aab66bf9-943f-3666-a472-972069a338cf
401,{"fault":{"code":900901,"message":"Invalid Credentials","description":"Access failure for API: /news/1, version: 1 status: (900901) - Invalid Credentials. Make sure you have given the correct access token"}},Online Shopping,news,william73,d4062854-de2a-3b9e-b053-8eeaf0f57e0a
401,{"fault":{"code":900901,"message":"Invalid Credentials","description":"Access failure for API: /news/1, version: 1 status: (900901) - Invalid Credentials. Make sure you have given the correct access token"}},Online Shopping,news,joshua99,5bdd46aa-46f9-3928-a5fe-9a1004567d40
401,{"fault":{"code":900901,"message":"Invalid Credentials","description":"Access failure for API: /news/1, version: 1 status: (900901) - Invalid Credentials. Make sure you have given the correct access token"}},Online Shopping,news,olivia71,2ab4eab8-c2c1-3689-92ea-d716775ed8cb
401,{"fault":{"code":900901,"message":"Invalid Credentials","description":"Access failure for API: /places/1, version: 1 status: (900901) - Invalid Credentials. Make sure you have given the correct access token"}},Online Shopping,places,jamie98,b277aee5-5f51-39ee-9b60-a5793aa06176
401,{"fault":{"code":900901,"message":"Invalid Credentials","description":"Access failure for API: /news/1, version: 1 status: (900901) - Invalid Credentials. Make sure you have given the correct access token"}},Online Shopping,news,heather74,1e6843d7-cd83-3f4c-9735-e1ddfd72e3e4
401,{"fault":{"code":900901,"message":"Invalid Credentials","description":"Access failure for API: /news/1, version: 1 status: (900901) - Invalid Credentials. Make sure you have given the correct access token"}},Online Shopping,news,casey97,f26d32e2-7d3c-34a7-8a9a-e92ca7c4e80b
401,{"fault":{"code":900901,"message":"Invalid Credentials","description":"Access failure for API: /news/1, version: 1 status: (900901) - Invalid Credentials. Make sure you have given the correct access token"}},Online Shopping,news,jamie98,b277aee5-5f51-39ee-9b60-a5793aa06176
401,{"fault":{"code":900901,"message":"Invalid Credentials","description":"Access failure for API: /news/1, version: 1 status: (900901) - Invalid Credentials. Make sure you have given the correct access token"}},Online Shopping,news,amy94,ed0398de-9c01-38ac-83c2-6053e47efab6
401,{"fault":{"code":900901,"message":"Invalid Credentials","description":"Access failure for API: /places/1, version: 1 status: (900901) - Invalid Credentials. Make sure you have given the correct access token"}},Online Shopping,places,casey97,f26d32e2-7d3c-34a7-8a9a-e92ca7c4e80b
401,{"fault":{"code":900901,"message":"Invalid Credentials","description":"Access failure for API: /news/1, version: 1 status: (900901) - Invalid Credentials. Make sure you have given the correct access token"}},Online Shopping,news,jason100,2e2a7958-1305-36f9-9c55-e105f4541eaf
401,{"fault":{"code":900901,"message":"Invalid Credentials","description":"Access failure for API: /news/1, version: 1 status: (900901) - Invalid Credentials. Make sure you have given the correct access token"}},Online Shopping,news,tiffany72,999dd14b-b50e-3c5f-8a63-31c187f05e67
401,{"fault":{"code":900901,"message":"Invalid Credentials","description":"Access failure for API: /places/1, version: 1 status: (900901) - Invalid Credentials. Make sure you have given the correct access token"}},Online Shopping,places,joshua99,5bdd46aa-46f9-3928-a5fe-9a1004567d40
401,{"fault":{"code":900901,"message":"Invalid Credentials","description":"Access failure for API: /news/1, version: 1 status: (900901) - Invalid Credentials. Make sure you have given the correct access token"}},Online Shopping,news,jorge95,aab66bf9-943f-3666-a472-972069a338cf
401,{"fault":{"code":900901,"message":"Invalid Credentials","description":"Access failure for API: /news/1, version: 1 status: (900901) - Invalid Credentials. Make sure you have given the correct access token"}},Online Shopping,news,tiffany72,999dd14b-b50e-3c5f-8a63-31c187f05e67
401,{"fault":{"code":900901,"message":"Invalid Credentials","description":"Access failure for API: /news/1, version: 1 status: (900901) - Invalid Credentials. Make sure you have given the correct access token"}},Online Shopping,news,gilbert75,9a7d3ff1-f8a2-3a7c-978b-85c6cae883eb
401,{"fault":{"code":900901,"message":"Invalid Credentials","description":"Access failure for API: /news/1, version: 1 status: (900901) - Invalid Credentials. Make sure you have given the correct access token"}},Online Shopping,news,jamie98,b277aee5-5f51-39ee-9b60-a5793aa06176
401,{"fault":{"code":900901,"message":"Invalid Credentials","description":"Access failure for API: /news/1, version: 1 status: (900901) - Invalid Credentials. Make sure you have given the correct access token"}},Online Shopping,news,kelli92,e4f8f22e-b0ef-3f35-8216-253bf8d767cc
401,{"fault":{"code":900901,"message":"Invalid Credentials","description":"Access failure for API: /news/1, version: 1 status: (900901) - Invalid Credentials. Make sure you have given the correct access token"}},Online Shopping,news,kenneth93,c314507b-1943-3c71-9d60-c1dfac23a8eb
401,{"fault":{"code":900901,"message":"Invalid Credentials","description":"Access failure for API: /places/1, version: 1 status: (900901) - Invalid Credentials. Make sure you have given the correct access token"}},Online Shopping,places,joshua99,5bdd46aa-46f9-3928-a5fe-9a1004567d40
401,{"fault":{"code":900901,"message":"Invalid Credentials","description":"Access failure for API: /news/1, version: 1 status: (900901) - Invalid Credentials. Make sure you have given the correct access token"}},Online Shopping,news,heather74,1e6843d7-cd83-3f4c-9735-e1ddfd72e3e4
401,{"fault":{"code":900901,"message":"Invalid Credentials","description":"Access failure for API: /places/1, version: 1 status: (900901) - Invalid Credentials. Make sure you have given the correct access token"}},Online Shopping,places,michael96,73fc0099-3492-33b6-be80-5c33afa2d44a
401,{"fault":{"code":900901,"message":"Invalid Credentials","description":"Access failure for API: /news/1, version: 1 status: (900901) - Invalid Credentials. Make sure you have given the correct access token"}},Online Shopping,news,janice91,0770e7c5-6ba6-3a49-a9bc-53798ceefd62
401,{"fault":{"code":900901,"message":"Invalid Credentials","description":"Access failure for API: /news/1, version: 1 status: (900901) - Invalid Credentials. Make sure you have given the correct access token"}},Online Shopping,news,olivia71,2ab4eab8-c2c1-3689-92ea-d716775ed8cb
401,{"fault":{"code":900901,"message":"Invalid Credentials","description":"Access failure for API: /news/1, version: 1 status: (900901) - Invalid Credentials. Make sure you have given the correct access token"}},Online Shopping,news,jorge95,aab66bf9-943f-3666-a472-972069a338cf
401,{"fault":{"code":900901,"message":"Invalid Credentials","description":"Access failure for API: /news/1, version: 1 status: (900901) - Invalid Credentials. Make sure you have given the correct access token"}},Online Shopping,news,tyler70,2d0a84e7-3900-3e6a-bf8e-4e2888be8ce7
401,{"fault":{"code":900901,"message":"Invalid Credentials","description":"Access failure for API: /news/1, version: 1 status: (900901) - Invalid Credentials. Make sure you have given the correct access token"}},Online Shopping,news,mary69,296415ba-50ff-3d28-b8de-9e2783cffc68
401,{"fault":{"code":900901,"message":"Invalid Credentials","description":"Access failure for API: /news/1, version: 1 status: (900901) - Invalid Credentials. Make sure you have given the correct access token"}},Online Shopping,news,gilbert75,9a7d3ff1-f8a2-3a7c-978b-85c6cae883eb
401,{"fault":{"code":900901,"message":"Invalid Credentials","description":"Access failure for API: /news/1, version: 1 status: (900901) - Invalid Credentials. Make sure you have given the correct access token"}},Online Shopping,news,olivia71,2ab4eab8-c2c1-3689-92ea-d716775ed8cb
401,{"fault":{"code":900901,"message":"Invalid Credentials","description":"Access failure for API: /places/1, version: 1 status: (900901) - Invalid Credentials. Make sure you have given the correct access token"}},Online Shopping,places,joshua99,5bdd46aa-46f9-3928-a5fe-9a1004567d40
401,{"fault":{"code":900901,"message":"Invalid Credentials","description":"Access failure for API: /news/1, version: 1 status: (900901) - Invalid Credentials. Make sure you have given the correct access token"}},Online Shopping,news,beth68,c6db87e6-2b47-31bc-af28-3f29aa900d09
401,{"fault":{"code":900901,"message":"Invalid Credentials","description":"Access failure for API: /news/1, version: 1 status: (900901) - Invalid Credentials. Make sure you have given the correct access token"}},Online Shopping,news,kenneth93,c314507b-1943-3c71-9d60-c1dfac23a8eb
401,{"fault":{"code":900901,"message":"Invalid Credentials","description":"Access failure for API: /news/1, version: 1 status: (900901) - Invalid Credentials. Make sure you have given the correct access token"}},Online Shopping,news,heather74,1e6843d7-cd83-3f4c-9735-e1ddfd72e3e4
401,{"fault":{"code":900901,"message":"Invalid Credentials","description":"Access failure for API: /news/1, version: 1 status: (900901) - Invalid Credentials. Make sure you have given the correct access token"}},Online Shopping,news,erica66,1d24f26e-4b66-3b92-bf43-a535650b49ff
401,{"fault":{"code":900901,"message":"Invalid Credentials","description":"Access failure for API: /news/1, version: 1 status: (900901) - Invalid Credentials. Make sure you have given the correct access token"}},Online Shopping,news,tyler70,2d0a84e7-3900-3e6a-bf8e-4e2888be8ce7
401,{"fault":{"code":900901,"message":"Invalid Credentials","description":"Access failure for API: /news/1, version: 1 status: (900901) - Invalid Credentials. Make sure you have given the correct access token"}},Online Shopping,news,mary69,296415ba-50ff-3d28-b8de-9e2783cffc68
401,{"fault":{"code":900901,"message":"Invalid Credentials","description":"Access failure for API: /news/1, version: 1 status: (900901) - Invalid Credentials. Make sure you have given the correct access token"}},Online Shopping,news,heidi67,5d9ae2d7-a9cb-3d04-b502-e07cf523ab7b
401,{"fault":{"code":900901,"message":"Invalid Credentials","description":"Access failure for API: /news/1, version: 1 status: (900901) - Invalid Credentials. Make sure you have given the correct access token"}},Online Shopping,news,olivia71,2ab4eab8-c2c1-3689-92ea-d716775ed8cb
401,{"fault":{"code":900901,"message":"Invalid Credentials","description":"Access failure for API: /news/1, version: 1 status: (900901) - Invalid Credentials. Make sure you have given the correct access token"}},Online Shopping,news,jorge95,aab66bf9-943f-3666-a472-972069a338cf
401,{"fault":{"code":900901,"message":"Invalid Credentials","description":"Access failure for API: /news/1, version: 1 status: (900901) - Invalid Credentials. Make sure you have given the correct access token"}},Online Shopping,news,erica66,1d24f26e-4b66-3b92-bf43-a535650b49ff
401,{"fault":{"code":900901,"message":"Invalid Credentials","description":"Access failure for API: /news/1, version: 1 status: (900901) - Invalid Credentials. Make sure you have given the correct access token"}},Online Shopping,news,teresa65,99136fba-cd40-365c-9f67-e20ff2577dc8
401,{"fault":{"code":900901,"message":"Invalid Credentials","description":"Access failure for API: /news/1, version: 1 status: (900901) - Invalid Credentials. Make sure you have given the correct access token"}},Online Shopping,news,kenneth93,c314507b-1943-3c71-9d60-c1dfac23a8eb
401,{"fault":{"code":900901,"message":"Invalid Credentials","description":"Access failure for API: /news/1, version: 1 status: (900901) - Invalid Credentials. Make sure you have given the correct access token"}},Online Shopping,news,heather74,1e6843d7-cd83-3f4c-9735-e1ddfd72e3e4
401,{"fault":{"code":900901,"message":"Invalid Credentials","description":"Access failure for API: /news/1, version: 1 status: (900901) - Invalid Credentials. Make sure you have given the correct access token"}},Online Shopping,news,beth68,c6db87e6-2b47-31bc-af28-3f29aa900d09
401,{"fault":{"code":900901,"message":"Invalid Credentials","description":"Access failure for API: /news/1, version: 1 status: (900901) - Invalid Credentials. Make sure you have given the correct access token"}},Online Shopping,news,mary69,296415ba-50ff-3d28-b8de-9e2783cffc68
401,{"fault":{"code":900901,"message":"Invalid Credentials","description":"Access failure for API: /news/1, version: 1 status: (900901) - Invalid Credentials. Make sure you have given the correct access token"}},Online Shopping,news,jorge95,aab66bf9-943f-3666-a472-972069a338cf
401,{"fault":{"code":900901,"message":"Invalid Credentials","description":"Access failure for API: /news/1, version: 1 status: (900901) - Invalid Credentials. Make sure you have given the correct access token"}},Online Shopping,news,heidi67,5d9ae2d7-a9cb-3d04-b502-e07cf523ab7b
401,{"fault":{"code":900901,"message":"Invalid Credentials","description":"Access failure for API: /news/1, version: 1 status: (900901) - Invalid Credentials. Make sure you have given the correct access token"}},Online Shopping,news,teresa65,99136fba-cd40-365c-9f67-e20ff2577dc8
401,{"fault":{"code":900901,"message":"Invalid Credentials","description":"Access failure for API: /news/1, version: 1 status: (900901) - Invalid Credentials. Make sure you have given the correct access token"}},Online Shopping,news,beth68,c6db87e6-2b47-31bc-af28-3f29aa900d09
401,{"fault":{"code":900901,"message":"Invalid Credentials","description":"Access failure for API: /news/1, version: 1 status: (900901) - Invalid Credentials. Make sure you have given the correct access token"}},Online Shopping,news,heidi67,5d9ae2d7-a9cb-3d04-b502-e07cf523ab7b
401,{"fault":{"code":900901,"message":"Invalid Credentials","description":"Access failure for API: /news/1, version: 1 status: (900901) - Invalid Credentials. Make sure you have given the correct access token"}},Online Shopping,news,jorge95,aab66bf9-943f-3666-a472-972069a338cf
401,{"fault":{"code":900901,"message":"Invalid Credentials","description":"Access failure for API: /news/1, version: 1 status: (900901) - Invalid Credentials. Make sure you have given the correct access token"}},Online Shopping,news,jorge95,aab66bf9-943f-3666-a472-972069a338cf
401,{"fault":{"code":900901,"message":"Invalid Credentials","description":"Access failure for API: /news/1, version: 1 status: (900901) - Invalid Credentials. Make sure you have given the correct access token"}},Online Shopping,news,amy94,ed0398de-9c01-38ac-83c2-6053e47efab6
401,{"fault":{"code":900901,"message":"Invalid Credentials","description":"Access failure for API: /news/1, version: 1 status: (900901) - Invalid Credentials. Make sure you have given the correct access token"}},Online Shopping,news,william73,d4062854-de2a-3b9e-b053-8eeaf0f57e0a
401,{"fault":{"code":900901,"message":"Invalid Credentials","description":"Access failure for API: /places/1, version: 1 status: (900901) - Invalid Credentials. Make sure you have given the correct access token"}},Online Shopping,places,casey97,f26d32e2-7d3c-34a7-8a9a-e92ca7c4e80b
401,{"fault":{"code":900901,"message":"Invalid Credentials","description":"Access failure for API: /news/1, version: 1 status: (900901) - Invalid Credentials. Make sure you have given the correct access token"}},Online Shopping,news,amy94,ed0398de-9c01-38ac-83c2-6053e47efab6
401,{"fault":{"code":900901,"message":"Invalid Credentials","description":"Access failure for API: /news/1, version: 1 status: (900901) - Invalid Credentials. Make sure you have given the correct access token"}},Online Shopping,news,william73,d4062854-de2a-3b9e-b053-8eeaf0f57e0a
401,{"fault":{"code":900901,"message":"Invalid Credentials","description":"Access failure for API: /news/1, version: 1 status: (900901) - Invalid Credentials. Make sure you have given the correct access token"}},Online Shopping,news,amy94,ed0398de-9c01-38ac-83c2-6053e47efab6
401,{"fault":{"code":900901,"message":"Invalid Credentials","description":"Access failure for API: /news/1, version: 1 status: (900901) - Invalid Credentials. Make sure you have given the correct access token"}},Online Shopping,news,william73,d4062854-de2a-3b9e-b053-8eeaf0f57e0a
401,{"fault":{"code":900901,"message":"Invalid Credentials","description":"Access failure for API: /news/1, version: 1 status: (900901) - Invalid Credentials. Make sure you have given the correct access token"}},Online Shopping,news,kelli92,e4f8f22e-b0ef-3f35-8216-253bf8d767cc
401,{"fault":{"code":900901,"message":"Invalid Credentials","description":"Access failure for API: /news/1, version: 1 status: (900901) - Invalid Credentials. Make sure you have given the correct access token"}},Online Shopping,news,kelli92,e4f8f22e-b0ef-3f35-8216-253bf8d767cc
401,{"fault":{"code":900901,"message":"Invalid Credentials","description":"Access failure for API: /news/1, version: 1 status: (900901) - Invalid Credentials. Make sure you have given the correct access token"}},Online Shopping,news,kelli92,e4f8f22e-b0ef-3f35-8216-253bf8d767cc
401,{"fault":{"code":900901,"message":"Invalid Credentials","description":"Access failure for API: /news/1, version: 1 status: (900901) - Invalid Credentials. Make sure you have given the correct access token"}},Online Shopping,news,mary69,296415ba-50ff-3d28-b8de-9e2783cffc68
401,{"fault":{"code":900901,"message":"Invalid Credentials","description":"Access failure for API: /news/1, version: 1 status: (900901) - Invalid Credentials. Make sure you have given the correct access token"}},Online Shopping,news,heidi67,5d9ae2d7-a9cb-3d04-b502-e07cf523ab7b
401,{"fault":{"code":900901,"message":"Invalid Credentials","description":"Access failure for API: /news/1, version: 1 status: (900901) - Invalid Credentials. Make sure you have given the correct access token"}},Online Shopping,news,heidi67,5d9ae2d7-a9cb-3d04-b502-e07cf523ab7b
401,{"fault":{"code":900901,"message":"Invalid Credentials","description":"Access failure for API: /news/1, version: 1 status: (900901) - Invalid Credentials. Make sure you have given the correct access token"}},Online Shopping,news,heidi67,5d9ae2d7-a9cb-3d04-b502-e07cf523ab7b
401,{"fault":{"code":900901,"message":"Invalid Credentials","description":"Access failure for API: /news/1, version: 1 status: (900901) - Invalid Credentials. Make sure you have given the correct access token"}},Online Shopping,news,heidi67,5d9ae2d7-a9cb-3d04-b502-e07cf523ab7b
401,{"fault":{"code":900901,"message":"Invalid Credentials","description":"Access failure for API: /news/1, version: 1 status: (900901) - Invalid Credentials. Make sure you have given the correct access token"}},Online Shopping,news,heidi67,5d9ae2d7-a9cb-3d04-b502-e07cf523ab7b
401,{"fault":{"code":900901,"message":"Invalid Credentials","description":"Access failure for API: /news/1, version: 1 status: (900901) - Invalid Credentials. Make sure you have given the correct access token"}},Online Shopping,news,heidi67,5d9ae2d7-a9cb-3d04-b502-e07cf523ab7b
401,{"fault":{"code":900901,"message":"Invalid Credentials","description":"Access failure for API: /news/1, version: 1 status: (900901) - Invalid Credentials. Make sure you have given the correct access token"}},Online Shopping,news,heidi67,5d9ae2d7-a9cb-3d04-b502-e07cf523ab7b
401,{"fault":{"code":900901,"message":"Invalid Credentials","description":"Access failure for API: /news/1, version: 1 status: (900901) - Invalid Credentials. Make sure you have given the correct access token"}},Online Shopping,news,mary69,296415ba-50ff-3d28-b8de-9e2783cffc68
401,{"fault":{"code":900901,"message":"Invalid Credentials","description":"Access failure for API: /news/1, version: 1 status: (900901) - Invalid Credentials. Make sure you have given the correct access token"}},Online Shopping,news,beth68,c6db87e6-2b47-31bc-af28-3f29aa900d09
401,{"fault":{"code":900901,"message":"Invalid Credentials","description":"Access failure for API: /news/1, version: 1 status: (900901) - Invalid Credentials. Make sure you have given the correct access token"}},Online Shopping,news,beth68,c6db87e6-2b47-31bc-af28-3f29aa900d09
401,{"fault":{"code":900901,"message":"Invalid Credentials","description":"Access failure for API: /news/1, version: 1 status: (900901) - Invalid Credentials. Make sure you have given the correct access token"}},Online Shopping,news,beth68,c6db87e6-2b47-31bc-af28-3f29aa900d09
401,{"fault":{"code":900901,"message":"Invalid Credentials","description":"Access failure for API: /news/1, version: 1 status: (900901) - Invalid Credentials. Make sure you have given the correct access token"}},Online Shopping,news,beth68,c6db87e6-2b47-31bc-af28-3f29aa900d09
401,{"fault":{"code":900901,"message":"Invalid Credentials","description":"Access failure for API: /news/1, version: 1 status: (900901) - Invalid Credentials. Make sure you have given the correct access token"}},Online Shopping,news,heidi67,5d9ae2d7-a9cb-3d04-b502-e07cf523ab7b
401,{"fault":{"code":900901,"message":"Invalid Credentials","description":"Access failure for API: /news/1, version: 1 status: (900901) - Invalid Credentials. Make sure you have given the correct access token"}},Online Shopping,news,heidi67,5d9ae2d7-a9cb-3d04-b502-e07cf523ab7b
401,{"fault":{"code":900901,"message":"Invalid Credentials","description":"Access failure for API: /news/1, version: 1 status: (900901) - Invalid Credentials. Make sure you have given the correct access token"}},Online Shopping,news,james64,821ea5f3-d52d-3700-91bf-055b785ac1b3
401,{"fault":{"code":900901,"message":"Invalid Credentials","description":"Access failure for API: /news/1, version: 1 status: (900901) - Invalid Credentials. Make sure you have given the correct access token"}},Online Shopping,news,anna63,e1ab318d-2807-3b1d-8e27-ab498d8a6c54
401,{"fault":{"code":900901,"message":"Invalid Credentials","description":"Access failure for API: /news/1, version: 1 status: (900901) - Invalid Credentials. Make sure you have given the correct access token"}},Online Shopping,news,james64,821ea5f3-d52d-3700-91bf-055b785ac1b3
401,{"fault":{"code":900901,"message":"Invalid Credentials","description":"Access failure for API: /news/1, version: 1 status: (900901) - Invalid Credentials. Make sure you have given the correct access token"}},Online Shopping,news,anna63,e1ab318d-2807-3b1d-8e27-ab498d8a6c54
401,{"fault":{"code":900901,"message":"Invalid Credentials","description":"Access failure for API: /news/1, version: 1 status: (900901) - Invalid Credentials. Make sure you have given the correct access token"}},Online Shopping,news,james64,821ea5f3-d52d-3700-91bf-055b785ac1b3
401,{"fault":{"code":900901,"message":"Invalid Credentials","description":"Access failure for API: /news/1, version: 1 status: (900901) - Invalid Credentials. Make sure you have given the correct access token"}},Online Shopping,news,anna63,e1ab318d-2807-3b1d-8e27-ab498d8a6c54
401,{"fault":{"code":900901,"message":"Invalid Credentials","description":"Access failure for API: /news/1, version: 1 status: (900901) - Invalid Credentials. Make sure you have given the correct access token"}},Online Shopping,news,james64,821ea5f3-d52d-3700-91bf-055b785ac1b3
401,{"fault":{"code":900901,"message":"Invalid Credentials","description":"Access failure for API: /news/1, version: 1 status: (900901) - Invalid Credentials. Make sure you have given the correct access token"}},Online Shopping,news,anna63,e1ab318d-2807-3b1d-8e27-ab498d8a6c54
401,{"fault":{"code":900901,"message":"Invalid Credentials","description":"Access failure for API: /news/1, version: 1 status: (900901) - Invalid Credentials. Make sure you have given the correct access token"}},Online Shopping,news,james64,821ea5f3-d52d-3700-91bf-055b785ac1b3
401,{"fault":{"code":900901,"message":"Invalid Credentials","description":"Access failure for API: /news/1, version: 1 status: (900901) - Invalid Credentials. Make sure you have given the correct access token"}},Online Shopping,news,james64,821ea5f3-d52d-3700-91bf-055b785ac1b3
401,{"fault":{"code":900901,"message":"Invalid Credentials","description":"Access failure for API: /news/1, version: 1 status: (900901) - Invalid Credentials. Make sure you have given the correct access token"}},Online Shopping,news,james64,821ea5f3-d52d-3700-91bf-055b785ac1b3
401,{"fault":{"code":900901,"message":"Invalid Credentials","description":"Access failure for API: /news/1, version: 1 status: (900901) - Invalid Credentials. Make sure you have given the correct access token"}},Online Shopping,news,james64,821ea5f3-d52d-3700-91bf-055b785ac1b3
401,{"fault":{"code":900901,"message":"Invalid Credentials","description":"Access failure for API: /news/1, version: 1 status: (900901) - Invalid Credentials. Make sure you have given the correct access token"}},Online Shopping,news,james64,821ea5f3-d52d-3700-91bf-055b785ac1b3
401,{"fault":{"code":900901,"message":"Invalid Credentials","description":"Access failure for API: /news/1, version: 1 status: (900901) - Invalid Credentials. Make sure you have given the correct access token"}},Online Shopping,news,james64,821ea5f3-d52d-3700-91bf-055b785ac1b3
401,{"fault":{"code":900901,"message":"Invalid Credentials","description":"Access failure for API: /news/1, version: 1 status: (900901) - Invalid Credentials. Make sure you have given the correct access token"}},Online Shopping,news,teresa65,99136fba-cd40-365c-9f67-e20ff2577dc8
401,{"fault":{"code":900901,"message":"Invalid Credentials","description":"Access failure for API: /news/1, version: 1 status: (900901) - Invalid Credentials. Make sure you have given the correct access token"}},Online Shopping,news,anna63,e1ab318d-2807-3b1d-8e27-ab498d8a6c54
401,{"fault":{"code":900901,"message":"Invalid Credentials","description":"Access failure for API: /news/1, version: 1 status: (900901) - Invalid Credentials. Make sure you have given the correct access token"}},Online Shopping,news,anna63,e1ab318d-2807-3b1d-8e27-ab498d8a6c54
401,{"fault":{"code":900901,"message":"Invalid Credentials","description":"Access failure for API: /news/1, version: 1 status: (900901) - Invalid Credentials. Make sure you have given the correct access token"}},Online Shopping,news,anna63,e1ab318d-2807-3b1d-8e27-ab498d8a6c54
401,{"fault":{"code":900901,"message":"Invalid Credentials","description":"Access failure for API: /news/1, version: 1 status: (900901) - Invalid Credentials. Make sure you have given the correct access token"}},Online Shopping,news,anna63,e1ab318d-2807-3b1d-8e27-ab498d8a6c54
401,{"fault":{"code":900901,"message":"Invalid Credentials","description":"Access failure for API: /news/1, version: 1 status: (900901) - Invalid Credentials. Make sure you have given the correct access token"}},Online Shopping,news,janice91,0770e7c5-6ba6-3a49-a9bc-53798ceefd62
401,{"fault":{"code":900901,"message":"Invalid Credentials","description":"Access failure for API: /news/1, version: 1 status: (900901) - Invalid Credentials. Make sure you have given the correct access token"}},Online Shopping,news,anna63,e1ab318d-2807-3b1d-8e27-ab498d8a6c54
401,{"fault":{"code":900901,"message":"Invalid Credentials","description":"Access failure for API: /news/1, version: 1 status: (900901) - Invalid Credentials. Make sure you have given the correct access token"}},Online Shopping,news,janice91,0770e7c5-6ba6-3a49-a9bc-53798ceefd62
401,{"fault":{"code":900901,"message":"Invalid Credentials","description":"Access failure for API: /news/1, version: 1 status: (900901) - Invalid Credentials. Make sure you have given the correct access token"}},Online Shopping,news,james64,821ea5f3-d52d-3700-91bf-055b785ac1b3
401,{"fault":{"code":900901,"message":"Invalid Credentials","description":"Access failure for API: /news/1, version: 1 status: (900901) - Invalid Credentials. Make sure you have given the correct access token"}},Online Shopping,news,gilbert75,9a7d3ff1-f8a2-3a7c-978b-85c6cae883eb
401,{"fault":{"code":900901,"message":"Invalid Credentials","description":"Access failure for API: /news/1, version: 1 status: (900901) - Invalid Credentials. Make sure you have given the correct access token"}},Online Shopping,news,gilbert75,9a7d3ff1-f8a2-3a7c-978b-85c6cae883eb
401,{"fault":{"code":900901,"message":"Invalid Credentials","description":"Access failure for API: /news/1, version: 1 status: (900901) - Invalid Credentials. Make sure you have given the correct access token"}},Online Shopping,news,heidi67,5d9ae2d7-a9cb-3d04-b502-e07cf523ab7b
401,{"fault":{"code":900901,"message":"Invalid Credentials","description":"Access failure for API: /places/1, version: 1 status: (900901) - Invalid Credentials. Make sure you have given the correct access token"}},Online Shopping,places,jamie98,b277aee5-5f51-39ee-9b60-a5793aa06176
401,{"fault":{"code":900901,"message":"Invalid Credentials","description":"Access failure for API: /news/1, version: 1 status: (900901) - Invalid Credentials. Make sure you have given the correct access token"}},Online Shopping,news,derek62,7cb0b645-7530-35cb-9aa5-2c1fbaf355f7
401,{"fault":{"code":900901,"message":"Invalid Credentials","description":"Access failure for API: /news/1, version: 1 status: (900901) - Invalid Credentials. Make sure you have given the correct access token"}},Online Shopping,news,derek62,7cb0b645-7530-35cb-9aa5-2c1fbaf355f7
401,{"fault":{"code":900901,"message":"Invalid Credentials","description":"Access failure for API: /news/1, version: 1 status: (900901) - Invalid Credentials. Make sure you have given the correct access token"}},Online Shopping,news,derek62,7cb0b645-7530-35cb-9aa5-2c1fbaf355f7
401,{"fault":{"code":900901,"message":"Invalid Credentials","description":"Access failure for API: /news/1, version: 1 status: (900901) - Invalid Credentials. Make sure you have given the correct access token"}},Online Shopping,news,anna63,e1ab318d-2807-3b1d-8e27-ab498d8a6c54
401,{"fault":{"code":900901,"message":"Invalid Credentials","description":"Access failure for API: /news/1, version: 1 status: (900901) - Invalid Credentials. Make sure you have given the correct access token"}},Online Shopping,news,tyler70,2d0a84e7-3900-3e6a-bf8e-4e2888be8ce7
401,{"fault":{"code":900901,"message":"Invalid Credentials","description":"Access failure for API: /news/1, version: 1 status: (900901) - Invalid Credentials. Make sure you have given the correct access token"}},Online Shopping,news,olivia71,2ab4eab8-c2c1-3689-92ea-d716775ed8cb
401,{"fault":{"code":900901,"message":"Invalid Credentials","description":"Access failure for API: /news/1, version: 1 status: (900901) - Invalid Credentials. Make sure you have given the correct access token"}},Online Shopping,news,tyler70,2d0a84e7-3900-3e6a-bf8e-4e2888be8ce7
401,{"fault":{"code":900901,"message":"Invalid Credentials","description":"Access failure for API: /news/1, version: 1 status: (900901) - Invalid Credentials. Make sure you have given the correct access token"}},Online Shopping,news,tyler70,2d0a84e7-3900-3e6a-bf8e-4e2888be8ce7
401,{"fault":{"code":900901,"message":"Invalid Credentials","description":"Access failure for API: /news/1, version: 1 status: (900901) - Invalid Credentials. Make sure you have given the correct access token"}},Online Shopping,news,tyler70,2d0a84e7-3900-3e6a-bf8e-4e2888be8ce7
401,{"fault":{"code":900901,"message":"Invalid Credentials","description":"Access failure for API: /news/1, version: 1 status: (900901) - Invalid Credentials. Make sure you have given the correct access token"}},Online Shopping,news,jorge95,aab66bf9-943f-3666-a472-972069a338cf
401,{"fault":{"code":900901,"message":"Invalid Credentials","description":"Access failure for API: /news/1, version: 1 status: (900901) - Invalid Credentials. Make sure you have given the correct access token"}},Online Shopping,news,jorge95,aab66bf9-943f-3666-a472-972069a338cf
401,{"fault":{"code":900901,"message":"Invalid Credentials","description":"Access failure for API: /news/1, version: 1 status: (900901) - Invalid Credentials. Make sure you have given the correct access token"}},Online Shopping,news,heidi67,5d9ae2d7-a9cb-3d04-b502-e07cf523ab7b
401,{"fault":{"code":900901,"message":"Invalid Credentials","description":"Access failure for API: /news/1, version: 1 status: (900901) - Invalid Credentials. Make sure you have given the correct access token"}},Online Shopping,news,william73,d4062854-de2a-3b9e-b053-8eeaf0f57e0a
401,{"fault":{"code":900901,"message":"Invalid Credentials","description":"Access failure for API: /news/1, version: 1 status: (900901) - Invalid Credentials. Make sure you have given the correct access token"}},Online Shopping,news,kelli92,e4f8f22e-b0ef-3f35-8216-253bf8d767cc
401,{"fault":{"code":900901,"message":"Invalid Credentials","description":"Access failure for API: /news/1, version: 1 status: (900901) - Invalid Credentials. Make sure you have given the correct access token"}},Online Shopping,news,kelli92,e4f8f22e-b0ef-3f35-8216-253bf8d767cc
401,{"fault":{"code":900901,"message":"Invalid Credentials","description":"Access failure for API: /news/1, version: 1 status: (900901) - Invalid Credentials. Make sure you have given the correct access token"}},Online Shopping,news,kelli92,e4f8f22e-b0ef-3f35-8216-253bf8d767cc
401,{"fault":{"code":900901,"message":"Invalid Credentials","description":"Access failure for API: /news/1, version: 1 status: (900901) - Invalid Credentials. Make sure you have given the correct access token"}},Online Shopping,news,kelli92,e4f8f22e-b0ef-3f35-8216-253bf8d767cc
401,{"fault":{"code":900901,"message":"Invalid Credentials","description":"Access failure for API: /news/1, version: 1 status: (900901) - Invalid Credentials. Make sure you have given the correct access token"}},Online Shopping,news,kelli92,e4f8f22e-b0ef-3f35-8216-253bf8d767cc
401,{"fault":{"code":900901,"message":"Invalid Credentials","description":"Access failure for API: /news/1, version: 1 status: (900901) - Invalid Credentials. Make sure you have given the correct access token"}},Online Shopping,news,kelli92,e4f8f22e-b0ef-3f35-8216-253bf8d767cc
401,{"fault":{"code":900901,"message":"Invalid Credentials","description":"Access failure for API: /news/1, version: 1 status: (900901) - Invalid Credentials. Make sure you have given the correct access token"}},Online Shopping,news,kelli92,e4f8f22e-b0ef-3f35-8216-253bf8d767cc
401,{"fault":{"code":900901,"message":"Invalid Credentials","description":"Access failure for API: /news/1, version: 1 status: (900901) - Invalid Credentials. Make sure you have given the correct access token"}},Online Shopping,news,kelli92,e4f8f22e-b0ef-3f35-8216-253bf8d767cc
401,{"fault":{"code":900901,"message":"Invalid Credentials","description":"Access failure for API: /news/1, version: 1 status: (900901) - Invalid Credentials. Make sure you have given the correct access token"}},Online Shopping,news,kelli92,e4f8f22e-b0ef-3f35-8216-253bf8d767cc
401,{"fault":{"code":900901,"message":"Invalid Credentials","description":"Access failure for API: /news/1, version: 1 status: (900901) - Invalid Credentials. Make sure you have given the correct access token"}},Online Shopping,news,kelli92,e4f8f22e-b0ef-3f35-8216-253bf8d767cc
401,{"fault":{"code":900901,"message":"Invalid Credentials","description":"Access failure for API: /news/1, version: 1 status: (900901) - Invalid Credentials. Make sure you have given the correct access token"}},Online Shopping,news,kelli92,e4f8f22e-b0ef-3f35-8216-253bf8d767cc
401,{"fault":{"code":900901,"message":"Invalid Credentials","description":"Access failure for API: /news/1, version: 1 status: (900901) - Invalid Credentials. Make sure you have given the correct access token"}},Online Shopping,news,kelli92,e4f8f22e-b0ef-3f35-8216-253bf8d767cc
401,{"fault":{"code":900901,"message":"Invalid Credentials","description":"Access failure for API: /news/1, version: 1 status: (900901) - Invalid Credentials. Make sure you have given the correct access token"}},Online Shopping,news,jorge95,aab66bf9-943f-3666-a472-972069a338cf
401,{"fault":{"code":900901,"message":"Invalid Credentials","description":"Access failure for API: /news/1, version: 1 status: (900901) - Invalid Credentials. Make sure you have given the correct access token"}},Online Shopping,news,jorge95,aab66bf9-943f-3666-a472-972069a338cf
401,{"fault":{"code":900901,"message":"Invalid Credentials","description":"Access failure for API: /news/1, version: 1 status: (900901) - Invalid Credentials. Make sure you have given the correct access token"}},Online Shopping,news,olivia71,2ab4eab8-c2c1-3689-92ea-d716775ed8cb
401,{"fault":{"code":900901,"message":"Invalid Credentials","description":"Access failure for API: /news/1, version: 1 status: (900901) - Invalid Credentials. Make sure you have given the correct access token"}},Online Shopping,news,olivia71,2ab4eab8-c2c1-3689-92ea-d716775ed8cb
401,{"fault":{"code":900901,"message":"Invalid Credentials","description":"Access failure for API: /news/1, version: 1 status: (900901) - Invalid Credentials. Make sure you have given the correct access token"}},Online Shopping,news,beth68,c6db87e6-2b47-31bc-af28-3f29aa900d09
401,{"fault":{"code":900901,"message":"Invalid Credentials","description":"Access failure for API: /news/1, version: 1 status: (900901) - Invalid Credentials. Make sure you have given the correct access token"}},Online Shopping,news,beth68,c6db87e6-2b47-31bc-af28-3f29aa900d09
401,{"fault":{"code":900901,"message":"Invalid Credentials","description":"Access failure for API: /news/1, version: 1 status: (900901) - Invalid Credentials. Make sure you have given the correct access token"}},Online Shopping,news,jorge95,aab66bf9-943f-3666-a472-972069a338cf
401,{"fault":{"code":900901,"message":"Invalid Credentials","description":"Access failure for API: /news/1, version: 1 status: (900901) - Invalid Credentials. Make sure you have given the correct access token"}},Online Shopping,news,beth68,c6db87e6-2b47-31bc-af28-3f29aa900d09
401,{"fault":{"code":900901,"message":"Invalid Credentials","description":"Access failure for API: /news/1, version: 1 status: (900901) - Invalid Credentials. Make sure you have given the correct access token"}},Online Shopping,news,jorge95,aab66bf9-943f-3666-a472-972069a338cf
401,{"fault":{"code":900901,"message":"Invalid Credentials","description":"Access failure for API: /news/1, version: 1 status: (900901) - Invalid Credentials. Make sure you have given the correct access token"}},Online Shopping,news,william73,d4062854-de2a-3b9e-b053-8eeaf0f57e0a
401,{"fault":{"code":900901,"message":"Invalid Credentials","description":"Access failure for API: /news/1, version: 1 status: (900901) - Invalid Credentials. Make sure you have given the correct access token"}},Online Shopping,news,william73,d4062854-de2a-3b9e-b053-8eeaf0f57e0a
401,{"fault":{"code":900901,"message":"Invalid Credentials","description":"Access failure for API: /news/1, version: 1 status: (900901) - Invalid Credentials. Make sure you have given the correct access token"}},Online Shopping,news,william73,d4062854-de2a-3b9e-b053-8eeaf0f57e0a
401,{"fault":{"code":900901,"message":"Invalid Credentials","description":"Access failure for API: /news/1, version: 1 status: (900901) - Invalid Credentials. Make sure you have given the correct access token"}},Online Shopping,news,william73,d4062854-de2a-3b9e-b053-8eeaf0f57e0a
401,{"fault":{"code":900901,"message":"Invalid Credentials","description":"Access failure for API: /news/1, version: 1 status: (900901) - Invalid Credentials. Make sure you have given the correct access token"}},Online Shopping,news,william73,d4062854-de2a-3b9e-b053-8eeaf0f57e0a
401,{"fault":{"code":900901,"message":"Invalid Credentials","description":"Access failure for API: /news/1, version: 1 status: (900901) - Invalid Credentials. Make sure you have given the correct access token"}},Online Shopping,news,heidi67,5d9ae2d7-a9cb-3d04-b502-e07cf523ab7b
401,{"fault":{"code":900901,"message":"Invalid Credentials","description":"Access failure for API: /news/1, version: 1 status: (900901) - Invalid Credentials. Make sure you have given the correct access token"}},Online Shopping,news,heidi67,5d9ae2d7-a9cb-3d04-b502-e07cf523ab7b
401,{"fault":{"code":900901,"message":"Invalid Credentials","description":"Access failure for API: /news/1, version: 1 status: (900901) - Invalid Credentials. Make sure you have given the correct access token"}},Online Shopping,news,heidi67,5d9ae2d7-a9cb-3d04-b502-e07cf523ab7b
401,{"fault":{"code":900901,"message":"Invalid Credentials","description":"Access failure for API: /news/1, version: 1 status: (900901) - Invalid Credentials. Make sure you have given the correct access token"}},Online Shopping,news,derek62,7cb0b645-7530-35cb-9aa5-2c1fbaf355f7
401,{"fault":{"code":900901,"message":"Invalid Credentials","description":"Access failure for API: /news/1, version: 1 status: (900901) - Invalid Credentials. Make sure you have given the correct access token"}},Online Shopping,news,derek62,7cb0b645-7530-35cb-9aa5-2c1fbaf355f7
401,{"fault":{"code":900901,"message":"Invalid Credentials","description":"Access failure for API: /news/1, version: 1 status: (900901) - Invalid Credentials. Make sure you have given the correct access token"}},Online Shopping,news,derek62,7cb0b645-7530-35cb-9aa5-2c1fbaf355f7
401,{"fault":{"code":900901,"message":"Invalid Credentials","description":"Access failure for API: /news/1, version: 1 status: (900901) - Invalid Credentials. Make sure you have given the correct access token"}},Online Shopping,news,derek62,7cb0b645-7530-35cb-9aa5-2c1fbaf355f7
401,{"fault":{"code":900901,"message":"Invalid Credentials","description":"Access failure for API: /news/1, version: 1 status: (900901) - Invalid Credentials. Make sure you have given the correct access token"}},Online Shopping,news,anna63,e1ab318d-2807-3b1d-8e27-ab498d8a6c54
401,{"fault":{"code":900901,"message":"Invalid Credentials","description":"Access failure for API: /news/1, version: 1 status: (900901) - Invalid Credentials. Make sure you have given the correct access token"}},Online Shopping,news,anna63,e1ab318d-2807-3b1d-8e27-ab498d8a6c54
401,{"fault":{"code":900901,"message":"Invalid Credentials","description":"Access failure for API: /news/1, version: 1 status: (900901) - Invalid Credentials. Make sure you have given the correct access token"}},Online Shopping,news,anna63,e1ab318d-2807-3b1d-8e27-ab498d8a6c54
401,{"fault":{"code":900901,"message":"Invalid Credentials","description":"Access failure for API: /news/1, version: 1 status: (900901) - Invalid Credentials. Make sure you have given the correct access token"}},Online Shopping,news,anna63,e1ab318d-2807-3b1d-8e27-ab498d8a6c54
401,{"fault":{"code":900901,"message":"Invalid Credentials","description":"Access failure for API: /news/1, version: 1 status: (900901) - Invalid Credentials. Make sure you have given the correct access token"}},Online Shopping,news,anna63,e1ab318d-2807-3b1d-8e27-ab498d8a6c54
401,{"fault":{"code":900901,"message":"Invalid Credentials","description":"Access failure for API: /news/1, version: 1 status: (900901) - Invalid Credentials. Make sure you have given the correct access token"}},Online Shopping,news,anna63,e1ab318d-2807-3b1d-8e27-ab498d8a6c54
401,{"fault":{"code":900901,"message":"Invalid Credentials","description":"Access failure for API: /news/1, version: 1 status: (900901) - Invalid Credentials. Make sure you have given the correct access token"}},Online Shopping,news,anna63,e1ab318d-2807-3b1d-8e27-ab498d8a6c54
401,{"fault":{"code":900901,"message":"Invalid Credentials","description":"Access failure for API: /news/1, version: 1 status: (900901) - Invalid Credentials. Make sure you have given the correct access token"}},Online Shopping,news,anna63,e1ab318d-2807-3b1d-8e27-ab498d8a6c54
401,{"fault":{"code":900901,"message":"Invalid Credentials","description":"Access failure for API: /news/1, version: 1 status: (900901) - Invalid Credentials. Make sure you have given the correct access token"}},Online Shopping,news,anna63,e1ab318d-2807-3b1d-8e27-ab498d8a6c54
401,{"fault":{"code":900901,"message":"Invalid Credentials","description":"Access failure for API: /news/1, version: 1 status: (900901) - Invalid Credentials. Make sure you have given the correct access token"}},Online Shopping,news,anna63,e1ab318d-2807-3b1d-8e27-ab498d8a6c54
401,{"fault":{"code":900901,"message":"Invalid Credentials","description":"Access failure for API: /news/1, version: 1 status: (900901) - Invalid Credentials. Make sure you have given the correct access token"}},Online Shopping,news,anna63,e1ab318d-2807-3b1d-8e27-ab498d8a6c54
401,{"fault":{"code":900901,"message":"Invalid Credentials","description":"Access failure for API: /news/1, version: 1 status: (900901) - Invalid Credentials. Make sure you have given the correct access token"}},Online Shopping,news,anna63,e1ab318d-2807-3b1d-8e27-ab498d8a6c54
401,{"fault":{"code":900901,"message":"Invalid Credentials","description":"Access failure for API: /news/1, version: 1 status: (900901) - Invalid Credentials. Make sure you have given the correct access token"}},Online Shopping,news,anna63,e1ab318d-2807-3b1d-8e27-ab498d8a6c54
401,{"fault":{"code":900901,"message":"Invalid Credentials","description":"Access failure for API: /news/1, version: 1 status: (900901) - Invalid Credentials. Make sure you have given the correct access token"}},Online Shopping,news,anna63,e1ab318d-2807-3b1d-8e27-ab498d8a6c54
401,{"fault":{"code":900901,"message":"Invalid Credentials","description":"Access failure for API: /news/1, version: 1 status: (900901) - Invalid Credentials. Make sure you have given the correct access token"}},Online Shopping,news,jorge95,aab66bf9-943f-3666-a472-972069a338cf
401,{"fault":{"code":900901,"message":"Invalid Credentials","description":"Access failure for API: /news/1, version: 1 status: (900901) - Invalid Credentials. Make sure you have given the correct access token"}},Online Shopping,news,jorge95,aab66bf9-943f-3666-a472-972069a338cf
401,{"fault":{"code":900901,"message":"Invalid Credentials","description":"Access failure for API: /news/1, version: 1 status: (900901) - Invalid Credentials. Make sure you have given the correct access token"}},Online Shopping,news,heidi67,5d9ae2d7-a9cb-3d04-b502-e07cf523ab7b
401,{"fault":{"code":900901,"message":"Invalid Credentials","description":"Access failure for API: /news/1, version: 1 status: (900901) - Invalid Credentials. Make sure you have given the correct access token"}},Online Shopping,news,heidi67,5d9ae2d7-a9cb-3d04-b502-e07cf523ab7b
401,{"fault":{"code":900901,"message":"Invalid Credentials","description":"Access failure for API: /news/1, version: 1 status: (900901) - Invalid Credentials. Make sure you have given the correct access token"}},Online Shopping,news,heidi67,5d9ae2d7-a9cb-3d04-b502-e07cf523ab7b
401,{"fault":{"code":900901,"message":"Invalid Credentials","description":"Access failure for API: /news/1, version: 1 status: (900901) - Invalid Credentials. Make sure you have given the correct access token"}},Online Shopping,news,heidi67,5d9ae2d7-a9cb-3d04-b502-e07cf523ab7b
401,{"fault":{"code":900901,"message":"Invalid Credentials","description":"Access failure for API: /news/1, version: 1 status: (900901) - Invalid Credentials. Make sure you have given the correct access token"}},Online Shopping,news,heidi67,5d9ae2d7-a9cb-3d04-b502-e07cf523ab7b
401,{"fault":{"code":900901,"message":"Invalid Credentials","description":"Access failure for API: /news/1, version: 1 status: (900901) - Invalid Credentials. Make sure you have given the correct access token"}},Online Shopping,news,heidi67,5d9ae2d7-a9cb-3d04-b502-e07cf523ab7b
401,{"fault":{"code":900901,"message":"Invalid Credentials","description":"Access failure for API: /news/1, version: 1 status: (900901) - Invalid Credentials. Make sure you have given the correct access token"}},Online Shopping,news,derek62,7cb0b645-7530-35cb-9aa5-2c1fbaf355f7
401,{"fault":{"code":900901,"message":"Invalid Credentials","description":"Access failure for API: /news/1, version: 1 status: (900901) - Invalid Credentials. Make sure you have given the correct access token"}},Online Shopping,news,derek62,7cb0b645-7530-35cb-9aa5-2c1fbaf355f7
401,{"fault":{"code":900901,"message":"Invalid Credentials","description":"Access failure for API: /news/1, version: 1 status: (900901) - Invalid Credentials. Make sure you have given the correct access token"}},Online Shopping,news,derek62,7cb0b645-7530-35cb-9aa5-2c1fbaf355f7
401,{"fault":{"code":900901,"message":"Invalid Credentials","description":"Access failure for API: /news/1, version: 1 status: (900901) - Invalid Credentials. Make sure you have given the correct access token"}},Online Shopping,news,derek62,7cb0b645-7530-35cb-9aa5-2c1fbaf355f7
401,{"fault":{"code":900901,"message":"Invalid Credentials","description":"Access failure for API: /news/1, version: 1 status: (900901) - Invalid Credentials. Make sure you have given the correct access token"}},Online Shopping,news,derek62,7cb0b645-7530-35cb-9aa5-2c1fbaf355f7
401,{"fault":{"code":900901,"message":"Invalid Credentials","description":"Access failure for API: /news/1, version: 1 status: (900901) - Invalid Credentials. Make sure you have given the correct access token"}},Online Shopping,news,derek62,7cb0b645-7530-35cb-9aa5-2c1fbaf355f7
401,{"fault":{"code":900901,"message":"Invalid Credentials","description":"Access failure for API: /news/1, version: 1 status: (900901) - Invalid Credentials. Make sure you have given the correct access token"}},Online Shopping,news,derek62,7cb0b645-7530-35cb-9aa5-2c1fbaf355f7
401,{"fault":{"code":900901,"message":"Invalid Credentials","description":"Access failure for API: /news/1, version: 1 status: (900901) - Invalid Credentials. Make sure you have given the correct access token"}},Online Shopping,news,derek62,7cb0b645-7530-35cb-9aa5-2c1fbaf355f7
401,{"fault":{"code":900901,"message":"Invalid Credentials","description":"Access failure for API: /news/1, version: 1 status: (900901) - Invalid Credentials. Make sure you have given the correct access token"}},Online Shopping,news,derek62,7cb0b645-7530-35cb-9aa5-2c1fbaf355f7
401,{"fault":{"code":900901,"message":"Invalid Credentials","description":"Access failure for API: /news/1, version: 1 status: (900901) - Invalid Credentials. Make sure you have given the correct access token"}},Online Shopping,news,olivia71,2ab4eab8-c2c1-3689-92ea-d716775ed8cb
401,{"fault":{"code":900901,"message":"Invalid Credentials","description":"Access failure for API: /news/1, version: 1 status: (900901) - Invalid Credentials. Make sure you have given the correct access token"}},Online Shopping,news,derek62,7cb0b645-7530-35cb-9aa5-2c1fbaf355f7
401,{"fault":{"code":900901,"message":"Invalid Credentials","description":"Access failure for API: /news/1, version: 1 status: (900901) - Invalid Credentials. Make sure you have given the correct access token"}},Online Shopping,news,olivia71,2ab4eab8-c2c1-3689-92ea-d716775ed8cb
401,{"fault":{"code":900901,"message":"Invalid Credentials","description":"Access failure for API: /news/1, version: 1 status: (900901) - Invalid Credentials. Make sure you have given the correct access token"}},Online Shopping,news,derek62,7cb0b645-7530-35cb-9aa5-2c1fbaf355f7
401,{"fault":{"code":900901,"message":"Invalid Credentials","description":"Access failure for API: /news/1, version: 1 status: (900901) - Invalid Credentials. Make sure you have given the correct access token"}},Online Shopping,news,olivia71,2ab4eab8-c2c1-3689-92ea-d716775ed8cb
401,{"fault":{"code":900901,"message":"Invalid Credentials","description":"Access failure for API: /news/1, version: 1 status: (900901) - Invalid Credentials. Make sure you have given the correct access token"}},Online Shopping,news,derek62,7cb0b645-7530-35cb-9aa5-2c1fbaf355f7
401,{"fault":{"code":900901,"message":"Invalid Credentials","description":"Access failure for API: /news/1, version: 1 status: (900901) - Invalid Credentials. Make sure you have given the correct access token"}},Online Shopping,news,derek62,7cb0b645-7530-35cb-9aa5-2c1fbaf355f7
401,{"fault":{"code":900901,"message":"Invalid Credentials","description":"Access failure for API: /news/1, version: 1 status: (900901) - Invalid Credentials. Make sure you have given the correct access token"}},Online Shopping,news,jorge95,aab66bf9-943f-3666-a472-972069a338cf
401,{"fault":{"code":900901,"message":"Invalid Credentials","description":"Access failure for API: /news/1, version: 1 status: (900901) - Invalid Credentials. Make sure you have given the correct access token"}},Online Shopping,news,jorge95,aab66bf9-943f-3666-a472-972069a338cf
401,{"fault":{"code":900901,"message":"Invalid Credentials","description":"Access failure for API: /news/1, version: 1 status: (900901) - Invalid Credentials. Make sure you have given the correct access token"}},Online Shopping,news,jorge95,aab66bf9-943f-3666-a472-972069a338cf
401,{"fault":{"code":900901,"message":"Invalid Credentials","description":"Access failure for API: /news/1, version: 1 status: (900901) - Invalid Credentials. Make sure you have given the correct access token"}},Online Shopping,news,heidi67,5d9ae2d7-a9cb-3d04-b502-e07cf523ab7b
401,{"fault":{"code":900901,"message":"Invalid Credentials","description":"Access failure for API: /news/1, version: 1 status: (900901) - Invalid Credentials. Make sure you have given the correct access token"}},Online Shopping,news,heidi67,5d9ae2d7-a9cb-3d04-b502-e07cf523ab7b
401,{"fault":{"code":900901,"message":"Invalid Credentials","description":"Access failure for API: /news/1, version: 1 status: (900901) - Invalid Credentials. Make sure you have given the correct access token"}},Online Shopping,news,emma61,c4f08f07-df63-3f44-afcb-421fdde3739f
401,{"fault":{"code":900901,"message":"Invalid Credentials","description":"Access failure for API: /news/1, version: 1 status: (900901) - Invalid Credentials. Make sure you have given the correct access token"}},Online Shopping,news,emma61,c4f08f07-df63-3f44-afcb-421fdde3739f
401,{"fault":{"code":900901,"message":"Invalid Credentials","description":"Access failure for API: /news/1, version: 1 status: (900901) - Invalid Credentials. Make sure you have given the correct access token"}},Online Shopping,news,jorge95,aab66bf9-943f-3666-a472-972069a338cf
401,{"fault":{"code":900901,"message":"Invalid Credentials","description":"Access failure for API: /news/1, version: 1 status: (900901) - Invalid Credentials. Make sure you have given the correct access token"}},Online Shopping,news,heidi67,5d9ae2d7-a9cb-3d04-b502-e07cf523ab7b
401,{"fault":{"code":900901,"message":"Invalid Credentials","description":"Access failure for API: /news/1, version: 1 status: (900901) - Invalid Credentials. Make sure you have given the correct access token"}},Online Shopping,news,heidi67,5d9ae2d7-a9cb-3d04-b502-e07cf523ab7b
401,{"fault":{"code":900901,"message":"Invalid Credentials","description":"Access failure for API: /news/1, version: 1 status: (900901) - Invalid Credentials. Make sure you have given the correct access token"}},Online Shopping,news,jorge95,aab66bf9-943f-3666-a472-972069a338cf
401,{"fault":{"code":900901,"message":"Invalid Credentials","description":"Access failure for API: /news/1, version: 1 status: (900901) - Invalid Credentials. Make sure you have given the correct access token"}},Online Shopping,news,jorge95,aab66bf9-943f-3666-a472-972069a338cf
401,{"fault":{"code":900901,"message":"Invalid Credentials","description":"Access failure for API: /news/1, version: 1 status: (900901) - Invalid Credentials. Make sure you have given the correct access token"}},Online Shopping,news,jorge95,aab66bf9-943f-3666-a472-972069a338cf
401,{"fault":{"code":900901,"message":"Invalid Credentials","description":"Access failure for API: /news/1, version: 1 status: (900901) - Invalid Credentials. Make sure you have given the correct access token"}},Online Shopping,news,emma61,c4f08f07-df63-3f44-afcb-421fdde3739f
401,{"fault":{"code":900901,"message":"Invalid Credentials","description":"Access failure for API: /news/1, version: 1 status: (900901) - Invalid Credentials. Make sure you have given the correct access token"}},Online Shopping,news,emma61,c4f08f07-df63-3f44-afcb-421fdde3739f
401,{"fault":{"code":900901,"message":"Invalid Credentials","description":"Access failure for API: /news/1, version: 1 status: (900901) - Invalid Credentials. Make sure you have given the correct access token"}},Online Shopping,news,emma61,c4f08f07-df63-3f44-afcb-421fdde3739f
401,{"fault":{"code":900901,"message":"Invalid Credentials","description":"Access failure for API: /news/1, version: 1 status: (900901) - Invalid Credentials. Make sure you have given the correct access token"}},Online Shopping,news,emma61,c4f08f07-df63-3f44-afcb-421fdde3739f
401,{"fault":{"code":900901,"message":"Invalid Credentials","description":"Access failure for API: /news/1, version: 1 status: (900901) - Invalid Credentials. Make sure you have given the correct access token"}},Online Shopping,news,heidi67,5d9ae2d7-a9cb-3d04-b502-e07cf523ab7b
401,{"fault":{"code":900901,"message":"Invalid Credentials","description":"Access failure for API: /news/1, version: 1 status: (900901) - Invalid Credentials. Make sure you have given the correct access token"}},Online Shopping,news,heidi67,5d9ae2d7-a9cb-3d04-b502-e07cf523ab7b
401,{"fault":{"code":900901,"message":"Invalid Credentials","description":"Access failure for API: /news/1, version: 1 status: (900901) - Invalid Credentials. Make sure you have given the correct access token"}},Online Shopping,news,heidi67,5d9ae2d7-a9cb-3d04-b502-e07cf523ab7b
401,{"fault":{"code":900901,"message":"Invalid Credentials","description":"Access failure for API: /news/1, version: 1 status: (900901) - Invalid Credentials. Make sure you have given the correct access token"}},Online Shopping,news,heidi67,5d9ae2d7-a9cb-3d04-b502-e07cf523ab7b
401,{"fault":{"code":900901,"message":"Invalid Credentials","description":"Access failure for API: /news/1, version: 1 status: (900901) - Invalid Credentials. Make sure you have given the correct access token"}},Online Shopping,news,heidi67,5d9ae2d7-a9cb-3d04-b502-e07cf523ab7b
401,{"fault":{"code":900901,"message":"Invalid Credentials","description":"Access failure for API: /news/1, version: 1 status: (900901) - Invalid Credentials. Make sure you have given the correct access token"}},Online Shopping,news,heidi67,5d9ae2d7-a9cb-3d04-b502-e07cf523ab7b
401,{"fault":{"code":900901,"message":"Invalid Credentials","description":"Access failure for API: /news/1, version: 1 status: (900901) - Invalid Credentials. Make sure you have given the correct access token"}},Online Shopping,news,heidi67,5d9ae2d7-a9cb-3d04-b502-e07cf523ab7b
401,{"fault":{"code":900901,"message":"Invalid Credentials","description":"Access failure for API: /places/1, version: 1 status: (900901) - Invalid Credentials. Make sure you have given the correct access token"}},Online Shopping,places,jorge95,aab66bf9-943f-3666-a472-972069a338cf
401,{"fault":{"code":900901,"message":"Invalid Credentials","description":"Access failure for API: /places/1, version: 1 status: (900901) - Invalid Credentials. Make sure you have given the correct access token"}},Online Shopping,places,jorge95,aab66bf9-943f-3666-a472-972069a338cf
401,{"fault":{"code":900901,"message":"Invalid Credentials","description":"Access failure for API: /places/1, version: 1 status: (900901) - Invalid Credentials. Make sure you have given the correct access token"}},Online Shopping,places,jorge95,aab66bf9-943f-3666-a472-972069a338cf
401,{"fault":{"code":900901,"message":"Invalid Credentials","description":"Access failure for API: /places/1, version: 1 status: (900901) - Invalid Credentials. Make sure you have given the correct access token"}},Online Shopping,places,jorge95,aab66bf9-943f-3666-a472-972069a338cf
401,{"fault":{"code":900901,"message":"Invalid Credentials","description":"Access failure for API: /places/1, version: 1 status: (900901) - Invalid Credentials. Make sure you have given the correct access token"}},Online Shopping,places,jorge95,aab66bf9-943f-3666-a472-972069a338cf
401,{"fault":{"code":900901,"message":"Invalid Credentials","description":"Access failure for API: /places/1, version: 1 status: (900901) - Invalid Credentials. Make sure you have given the correct access token"}},Online Shopping,places,jorge95,aab66bf9-943f-3666-a472-972069a338cf
401,{"fault":{"code":900901,"message":"Invalid Credentials","description":"Access failure for API: /places/1, version: 1 status: (900901) - Invalid Credentials. Make sure you have given the correct access token"}},Online Shopping,places,jorge95,aab66bf9-943f-3666-a472-972069a338cf
401,{"fault":{"code":900901,"message":"Invalid Credentials","description":"Access failure for API: /places/1, version: 1 status: (900901) - Invalid Credentials. Make sure you have given the correct access token"}},Online Shopping,places,jorge95,aab66bf9-943f-3666-a472-972069a338cf
401,{"fault":{"code":900901,"message":"Invalid Credentials","description":"Access failure for API: /news/1, version: 1 status: (900901) - Invalid Credentials. Make sure you have given the correct access token"}},Online Shopping,news,jorge95,aab66bf9-943f-3666-a472-972069a338cf
401,{"fault":{"code":900901,"message":"Invalid Credentials","description":"Access failure for API: /news/1, version: 1 status: (900901) - Invalid Credentials. Make sure you have given the correct access token"}},Online Shopping,news,jorge95,aab66bf9-943f-3666-a472-972069a338cf
401,{"fault":{"code":900901,"message":"Invalid Credentials","description":"Access failure for API: /places/1, version: 1 status: (900901) - Invalid Credentials. Make sure you have given the correct access token"}},Online Shopping,places,jorge95,aab66bf9-943f-3666-a472-972069a338cf
401,{"fault":{"code":900901,"message":"Invalid Credentials","description":"Access failure for API: /places/1, version: 1 status: (900901) - Invalid Credentials. Make sure you have given the correct access token"}},Online Shopping,places,jorge95,aab66bf9-943f-3666-a472-972069a338cf
401,{"fault":{"code":900901,"message":"Invalid Credentials","description":"Access failure for API: /places/1, version: 1 status: (900901) - Invalid Credentials. Make sure you have given the correct access token"}},Online Shopping,places,jorge95,aab66bf9-943f-3666-a472-972069a338cf
401,{"fault":{"code":900901,"message":"Invalid Credentials","description":"Access failure for API: /places/1, version: 1 status: (900901) - Invalid Credentials. Make sure you have given the correct access token"}},Online Shopping,places,jorge95,aab66bf9-943f-3666-a472-972069a338cf
401,{"fault":{"code":900901,"message":"Invalid Credentials","description":"Access failure for API: /places/1, version: 1 status: (900901) - Invalid Credentials. Make sure you have given the correct access token"}},Online Shopping,places,jorge95,aab66bf9-943f-3666-a472-972069a338cf
401,{"fault":{"code":900901,"message":"Invalid Credentials","description":"Access failure for API: /news/1, version: 1 status: (900901) - Invalid Credentials. Make sure you have given the correct access token"}},Online Shopping,news,jorge95,aab66bf9-943f-3666-a472-972069a338cf
401,{"fault":{"code":900901,"message":"Invalid Credentials","description":"Access failure for API: /news/1, version: 1 status: (900901) - Invalid Credentials. Make sure you have given the correct access token"}},Online Shopping,news,jorge95,aab66bf9-943f-3666-a472-972069a338cf
401,{"fault":{"code":900901,"message":"Invalid Credentials","description":"Access failure for API: /news/1, version: 1 status: (900901) - Invalid Credentials. Make sure you have given the correct access token"}},Online Shopping,news,jorge95,aab66bf9-943f-3666-a472-972069a338cf
401,{"fault":{"code":900901,"message":"Invalid Credentials","description":"Access failure for API: /news/1, version: 1 status: (900901) - Invalid Credentials. Make sure you have given the correct access token"}},Online Shopping,news,jorge95,aab66bf9-943f-3666-a472-972069a338cf
401,{"fault":{"code":900901,"message":"Invalid Credentials","description":"Access failure for API: /news/1, version: 1 status: (900901) - Invalid Credentials. Make sure you have given the correct access token"}},Online Shopping,news,jorge95,aab66bf9-943f-3666-a472-972069a338cf
401,{"fault":{"code":900901,"message":"Invalid Credentials","description":"Access failure for API: /news/1, version: 1 status: (900901) - Invalid Credentials. Make sure you have given the correct access token"}},Online Shopping,news,jorge95,aab66bf9-943f-3666-a472-972069a338cf
401,{"fault":{"code":900901,"message":"Invalid Credentials","description":"Access failure for API: /news/1, version: 1 status: (900901) - Invalid Credentials. Make sure you have given the correct access token"}},Online Shopping,news,jorge95,aab66bf9-943f-3666-a472-972069a338cf
401,{"fault":{"code":900901,"message":"Invalid Credentials","description":"Access failure for API: /news/1, version: 1 status: (900901) - Invalid Credentials. Make sure you have given the correct access token"}},Online Shopping,news,emma61,c4f08f07-df63-3f44-afcb-421fdde3739f
401,{"fault":{"code":900901,"message":"Invalid Credentials","description":"Access failure for API: /news/1, version: 1 status: (900901) - Invalid Credentials. Make sure you have given the correct access token"}},Online Shopping,news,heather74,1e6843d7-cd83-3f4c-9735-e1ddfd72e3e4
401,{"fault":{"code":900901,"message":"Invalid Credentials","description":"Access failure for API: /news/1, version: 1 status: (900901) - Invalid Credentials. Make sure you have given the correct access token"}},Online Shopping,news,kenneth93,c314507b-1943-3c71-9d60-c1dfac23a8eb
401,{"fault":{"code":900901,"message":"Invalid Credentials","description":"Access failure for API: /news/1, version: 1 status: (900901) - Invalid Credentials. Make sure you have given the correct access token"}},Online Shopping,news,heather74,1e6843d7-cd83-3f4c-9735-e1ddfd72e3e4
401,{"fault":{"code":900901,"message":"Invalid Credentials","description":"Access failure for API: /news/1, version: 1 status: (900901) - Invalid Credentials. Make sure you have given the correct access token"}},Online Shopping,news,kenneth93,c314507b-1943-3c71-9d60-c1dfac23a8eb
401,{"fault":{"code":900901,"message":"Invalid Credentials","description":"Access failure for API: /news/1, version: 1 status: (900901) - Invalid Credentials. Make sure you have given the correct access token"}},Online Shopping,news,heather74,1e6843d7-cd83-3f4c-9735-e1ddfd72e3e4
401,{"fault":{"code":900901,"message":"Invalid Credentials","description":"Access failure for API: /news/1, version: 1 status: (900901) - Invalid Credentials. Make sure you have given the correct access token"}},Online Shopping,news,heather74,1e6843d7-cd83-3f4c-9735-e1ddfd72e3e4
401,{"fault":{"code":900901,"message":"Invalid Credentials","description":"Access failure for API: /news/1, version: 1 status: (900901) - Invalid Credentials. Make sure you have given the correct access token"}},Online Shopping,news,heather74,1e6843d7-cd83-3f4c-9735-e1ddfd72e3e4
401,{"fault":{"code":900901,"message":"Invalid Credentials","description":"Access failure for API: /news/1, version: 1 status: (900901) - Invalid Credentials. Make sure you have given the correct access token"}},Online Shopping,news,erica66,1d24f26e-4b66-3b92-bf43-a535650b49ff
401,{"fault":{"code":900901,"message":"Invalid Credentials","description":"Access failure for API: /news/1, version: 1 status: (900901) - Invalid Credentials. Make sure you have given the correct access token"}},Online Shopping,news,heather74,1e6843d7-cd83-3f4c-9735-e1ddfd72e3e4
401,{"fault":{"code":900901,"message":"Invalid Credentials","description":"Access failure for API: /news/1, version: 1 status: (900901) - Invalid Credentials. Make sure you have given the correct access token"}},Online Shopping,news,kenneth93,c314507b-1943-3c71-9d60-c1dfac23a8eb
401,{"fault":{"code":900901,"message":"Invalid Credentials","description":"Access failure for API: /news/1, version: 1 status: (900901) - Invalid Credentials. Make sure you have given the correct access token"}},Online Shopping,news,heather74,1e6843d7-cd83-3f4c-9735-e1ddfd72e3e4
401,{"fault":{"code":900901,"message":"Invalid Credentials","description":"Access failure for API: /news/1, version: 1 status: (900901) - Invalid Credentials. Make sure you have given the correct access token"}},Online Shopping,news,heather74,1e6843d7-cd83-3f4c-9735-e1ddfd72e3e4
401,{"fault":{"code":900901,"message":"Invalid Credentials","description":"Access failure for API: /news/1, version: 1 status: (900901) - Invalid Credentials. Make sure you have given the correct access token"}},Online Shopping,news,heather74,1e6843d7-cd83-3f4c-9735-e1ddfd72e3e4
401,{"fault":{"code":900901,"message":"Invalid Credentials","description":"Access failure for API: /news/1, version: 1 status: (900901) - Invalid Credentials. Make sure you have given the correct access token"}},Online Shopping,news,heather74,1e6843d7-cd83-3f4c-9735-e1ddfd72e3e4
401,{"fault":{"code":900901,"message":"Invalid Credentials","description":"Access failure for API: /news/1, version: 1 status: (900901) - Invalid Credentials. Make sure you have given the correct access token"}},Online Shopping,news,mary69,296415ba-50ff-3d28-b8de-9e2783cffc68
401,{"fault":{"code":900901,"message":"Invalid Credentials","description":"Access failure for API: /news/1, version: 1 status: (900901) - Invalid Credentials. Make sure you have given the correct access token"}},Online Shopping,news,heather74,1e6843d7-cd83-3f4c-9735-e1ddfd72e3e4
401,{"fault":{"code":900901,"message":"Invalid Credentials","description":"Access failure for API: /news/1, version: 1 status: (900901) - Invalid Credentials. Make sure you have given the correct access token"}},Online Shopping,news,heather74,1e6843d7-cd83-3f4c-9735-e1ddfd72e3e4
401,{"fault":{"code":900901,"message":"Invalid Credentials","description":"Access failure for API: /news/1, version: 1 status: (900901) - Invalid Credentials. Make sure you have given the correct access token"}},Online Shopping,news,heather74,1e6843d7-cd83-3f4c-9735-e1ddfd72e3e4
401,{"fault":{"code":900901,"message":"Invalid Credentials","description":"Access failure for API: /news/1, version: 1 status: (900901) - Invalid Credentials. Make sure you have given the correct access token"}},Online Shopping,news,heather74,1e6843d7-cd83-3f4c-9735-e1ddfd72e3e4
401,{"fault":{"code":900901,"message":"Invalid Credentials","description":"Access failure for API: /news/1, version: 1 status: (900901) - Invalid Credentials. Make sure you have given the correct access token"}},Online Shopping,news,heather74,1e6843d7-cd83-3f4c-9735-e1ddfd72e3e4
401,{"fault":{"code":900901,"message":"Invalid Credentials","description":"Access failure for API: /news/1, version: 1 status: (900901) - Invalid Credentials. Make sure you have given the correct access token"}},Online Shopping,news,heather74,1e6843d7-cd83-3f4c-9735-e1ddfd72e3e4
401,{"fault":{"code":900901,"message":"Invalid Credentials","description":"Access failure for API: /news/1, version: 1 status: (900901) - Invalid Credentials. Make sure you have given the correct access token"}},Online Shopping,news,gilbert75,9a7d3ff1-f8a2-3a7c-978b-85c6cae883eb
401,{"fault":{"code":900901,"message":"Invalid Credentials","description":"Access failure for API: /news/1, version: 1 status: (900901) - Invalid Credentials. Make sure you have given the correct access token"}},Online Shopping,news,gilbert75,9a7d3ff1-f8a2-3a7c-978b-85c6cae883eb
401,{"fault":{"code":900901,"message":"Invalid Credentials","description":"Access failure for API: /news/1, version: 1 status: (900901) - Invalid Credentials. Make sure you have given the correct access token"}},Online Shopping,news,kenneth93,c314507b-1943-3c71-9d60-c1dfac23a8eb
401,{"fault":{"code":900901,"message":"Invalid Credentials","description":"Access failure for API: /news/1, version: 1 status: (900901) - Invalid Credentials. Make sure you have given the correct access token"}},Online Shopping,news,kenneth93,c314507b-1943-3c71-9d60-c1dfac23a8eb
401,{"fault":{"code":900901,"message":"Invalid Credentials","description":"Access failure for API: /news/1, version: 1 status: (900901) - Invalid Credentials. Make sure you have given the correct access token"}},Online Shopping,news,kenneth93,c314507b-1943-3c71-9d60-c1dfac23a8eb
401,{"fault":{"code":900901,"message":"Invalid Credentials","description":"Access failure for API: /news/1, version: 1 status: (900901) - Invalid Credentials. Make sure you have given the correct access token"}},Online Shopping,news,kenneth93,c314507b-1943-3c71-9d60-c1dfac23a8eb
401,{"fault":{"code":900901,"message":"Invalid Credentials","description":"Access failure for API: /news/1, version: 1 status: (900901) - Invalid Credentials. Make sure you have given the correct access token"}},Online Shopping,news,kenneth93,c314507b-1943-3c71-9d60-c1dfac23a8eb
401,{"fault":{"code":900901,"message":"Invalid Credentials","description":"Access failure for API: /news/1, version: 1 status: (900901) - Invalid Credentials. Make sure you have given the correct access token"}},Online Shopping,news,kenneth93,c314507b-1943-3c71-9d60-c1dfac23a8eb
401,{"fault":{"code":900901,"message":"Invalid Credentials","description":"Access failure for API: /news/1, version: 1 status: (900901) - Invalid Credentials. Make sure you have given the correct access token"}},Online Shopping,news,tyler70,2d0a84e7-3900-3e6a-bf8e-4e2888be8ce7
401,{"fault":{"code":900901,"message":"Invalid Credentials","description":"Access failure for API: /news/1, version: 1 status: (900901) - Invalid Credentials. Make sure you have given the correct access token"}},Online Shopping,news,tyler70,2d0a84e7-3900-3e6a-bf8e-4e2888be8ce7
401,{"fault":{"code":900901,"message":"Invalid Credentials","description":"Access failure for API: /news/1, version: 1 status: (900901) - Invalid Credentials. Make sure you have given the correct access token"}},Online Shopping,news,tyler70,2d0a84e7-3900-3e6a-bf8e-4e2888be8ce7
401,{"fault":{"code":900901,"message":"Invalid Credentials","description":"Access failure for API: /news/1, version: 1 status: (900901) - Invalid Credentials. Make sure you have given the correct access token"}},Online Shopping,news,tyler70,2d0a84e7-3900-3e6a-bf8e-4e2888be8ce7
401,{"fault":{"code":900901,"message":"Invalid Credentials","description":"Access failure for API: /news/1, version: 1 status: (900901) - Invalid Credentials. Make sure you have given the correct access token"}},Online Shopping,news,heather74,1e6843d7-cd83-3f4c-9735-e1ddfd72e3e4
401,{"fault":{"code":900901,"message":"Invalid Credentials","description":"Access failure for API: /news/1, version: 1 status: (900901) - Invalid Credentials. Make sure you have given the correct access token"}},Online Shopping,news,heather74,1e6843d7-cd83-3f4c-9735-e1ddfd72e3e4
401,{"fault":{"code":900901,"message":"Invalid Credentials","description":"Access failure for API: /news/1, version: 1 status: (900901) - Invalid Credentials. Make sure you have given the correct access token"}},Online Shopping,news,heather74,1e6843d7-cd83-3f4c-9735-e1ddfd72e3e4
401,{"fault":{"code":900901,"message":"Invalid Credentials","description":"Access failure for API: /news/1, version: 1 status: (900901) - Invalid Credentials. Make sure you have given the correct access token"}},Online Shopping,news,heather74,1e6843d7-cd83-3f4c-9735-e1ddfd72e3e4
401,{"fault":{"code":900901,"message":"Invalid Credentials","description":"Access failure for API: /news/1, version: 1 status: (900901) - Invalid Credentials. Make sure you have given the correct access token"}},Online Shopping,news,heather74,1e6843d7-cd83-3f4c-9735-e1ddfd72e3e4
401,{"fault":{"code":900901,"message":"Invalid Credentials","description":"Access failure for API: /news/1, version: 1 status: (900901) - Invalid Credentials. Make sure you have given the correct access token"}},Online Shopping,news,heather74,1e6843d7-cd83-3f4c-9735-e1ddfd72e3e4
401,{"fault":{"code":900901,"message":"Invalid Credentials","description":"Access failure for API: /news/1, version: 1 status: (900901) - Invalid Credentials. Make sure you have given the correct access token"}},Online Shopping,news,kenneth93,c314507b-1943-3c71-9d60-c1dfac23a8eb
401,{"fault":{"code":900901,"message":"Invalid Credentials","description":"Access failure for API: /news/1, version: 1 status: (900901) - Invalid Credentials. Make sure you have given the correct access token"}},Online Shopping,news,kenneth93,c314507b-1943-3c71-9d60-c1dfac23a8eb
401,{"fault":{"code":900901,"message":"Invalid Credentials","description":"Access failure for API: /news/1, version: 1 status: (900901) - Invalid Credentials. Make sure you have given the correct access token"}},Online Shopping,news,tyler70,2d0a84e7-3900-3e6a-bf8e-4e2888be8ce7
401,{"fault":{"code":900901,"message":"Invalid Credentials","description":"Access failure for API: /news/1, version: 1 status: (900901) - Invalid Credentials. Make sure you have given the correct access token"}},Online Shopping,news,kenneth93,c314507b-1943-3c71-9d60-c1dfac23a8eb
401,{"fault":{"code":900901,"message":"Invalid Credentials","description":"Access failure for API: /news/1, version: 1 status: (900901) - Invalid Credentials. Make sure you have given the correct access token"}},Online Shopping,news,tyler70,2d0a84e7-3900-3e6a-bf8e-4e2888be8ce7
401,{"fault":{"code":900901,"message":"Invalid Credentials","description":"Access failure for API: /news/1, version: 1 status: (900901) - Invalid Credentials. Make sure you have given the correct access token"}},Online Shopping,news,kenneth93,c314507b-1943-3c71-9d60-c1dfac23a8eb
401,{"fault":{"code":900901,"message":"Invalid Credentials","description":"Access failure for API: /news/1, version: 1 status: (900901) - Invalid Credentials. Make sure you have given the correct access token"}},Online Shopping,news,kenneth93,c314507b-1943-3c71-9d60-c1dfac23a8eb
401,{"fault":{"code":900901,"message":"Invalid Credentials","description":"Access failure for API: /news/1, version: 1 status: (900901) - Invalid Credentials. Make sure you have given the correct access token"}},Online Shopping,news,kenneth93,c314507b-1943-3c71-9d60-c1dfac23a8eb
401,{"fault":{"code":900901,"message":"Invalid Credentials","description":"Access failure for API: /news/1, version: 1 status: (900901) - Invalid Credentials. Make sure you have given the correct access token"}},Online Shopping,news,kenneth93,c314507b-1943-3c71-9d60-c1dfac23a8eb
401,{"fault":{"code":900901,"message":"Invalid Credentials","description":"Access failure for API: /news/1, version: 1 status: (900901) - Invalid Credentials. Make sure you have given the correct access token"}},Online Shopping,news,kenneth93,c314507b-1943-3c71-9d60-c1dfac23a8eb
401,{"fault":{"code":900901,"message":"Invalid Credentials","description":"Access failure for API: /news/1, version: 1 status: (900901) - Invalid Credentials. Make sure you have given the correct access token"}},Online Shopping,news,beth68,c6db87e6-2b47-31bc-af28-3f29aa900d09
401,{"fault":{"code":900901,"message":"Invalid Credentials","description":"Access failure for API: /news/1, version: 1 status: (900901) - Invalid Credentials. Make sure you have given the correct access token"}},Online Shopping,news,kenneth93,c314507b-1943-3c71-9d60-c1dfac23a8eb
401,{"fault":{"code":900901,"message":"Invalid Credentials","description":"Access failure for API: /news/1, version: 1 status: (900901) - Invalid Credentials. Make sure you have given the correct access token"}},Online Shopping,news,kenneth93,c314507b-1943-3c71-9d60-c1dfac23a8eb
401,{"fault":{"code":900901,"message":"Invalid Credentials","description":"Access failure for API: /news/1, version: 1 status: (900901) - Invalid Credentials. Make sure you have given the correct access token"}},Online Shopping,news,kenneth93,c314507b-1943-3c71-9d60-c1dfac23a8eb
401,{"fault":{"code":900901,"message":"Invalid Credentials","description":"Access failure for API: /news/1, version: 1 status: (900901) - Invalid Credentials. Make sure you have given the correct access token"}},Online Shopping,news,kenneth93,c314507b-1943-3c71-9d60-c1dfac23a8eb
401,{"fault":{"code":900901,"message":"Invalid Credentials","description":"Access failure for API: /news/1, version: 1 status: (900901) - Invalid Credentials. Make sure you have given the correct access token"}},Online Shopping,news,william73,d4062854-de2a-3b9e-b053-8eeaf0f57e0a
401,{"fault":{"code":900901,"message":"Invalid Credentials","description":"Access failure for API: /news/1, version: 1 status: (900901) - Invalid Credentials. Make sure you have given the correct access token"}},Online Shopping,news,william73,d4062854-de2a-3b9e-b053-8eeaf0f57e0a
401,{"fault":{"code":900901,"message":"Invalid Credentials","description":"Access failure for API: /news/1, version: 1 status: (900901) - Invalid Credentials. Make sure you have given the correct access token"}},Online Shopping,news,william73,d4062854-de2a-3b9e-b053-8eeaf0f57e0a
401,{"fault":{"code":900901,"message":"Invalid Credentials","description":"Access failure for API: /news/1, version: 1 status: (900901) - Invalid Credentials. Make sure you have given the correct access token"}},Online Shopping,news,william73,d4062854-de2a-3b9e-b053-8eeaf0f57e0a
401,{"fault":{"code":900901,"message":"Invalid Credentials","description":"Access failure for API: /news/1, version: 1 status: (900901) - Invalid Credentials. Make sure you have given the correct access token"}},Online Shopping,news,william73,d4062854-de2a-3b9e-b053-8eeaf0f57e0a
401,{"fault":{"code":900901,"message":"Invalid Credentials","description":"Access failure for API: /news/1, version: 1 status: (900901) - Invalid Credentials. Make sure you have given the correct access token"}},Online Shopping,news,william73,d4062854-de2a-3b9e-b053-8eeaf0f57e0a
401,{"fault":{"code":900901,"message":"Invalid Credentials","description":"Access failure for API: /news/1, version: 1 status: (900901) - Invalid Credentials. Make sure you have given the correct access token"}},Online Shopping,news,william73,d4062854-de2a-3b9e-b053-8eeaf0f57e0a
401,{"fault":{"code":900901,"message":"Invalid Credentials","description":"Access failure for API: /news/1, version: 1 status: (900901) - Invalid Credentials. Make sure you have given the correct access token"}},Online Shopping,news,william73,d4062854-de2a-3b9e-b053-8eeaf0f57e0a
401,{"fault":{"code":900901,"message":"Invalid Credentials","description":"Access failure for API: /news/1, version: 1 status: (900901) - Invalid Credentials. Make sure you have given the correct access token"}},Online Shopping,news,william73,d4062854-de2a-3b9e-b053-8eeaf0f57e0a
401,{"fault":{"code":900901,"message":"Invalid Credentials","description":"Access failure for API: /news/1, version: 1 status: (900901) - Invalid Credentials. Make sure you have given the correct access token"}},Online Shopping,news,william73,d4062854-de2a-3b9e-b053-8eeaf0f57e0a
401,{"fault":{"code":900901,"message":"Invalid Credentials","description":"Access failure for API: /news/1, version: 1 status: (900901) - Invalid Credentials. Make sure you have given the correct access token"}},Online Shopping,news,william73,d4062854-de2a-3b9e-b053-8eeaf0f57e0a
401,{"fault":{"code":900901,"message":"Invalid Credentials","description":"Access failure for API: /news/1, version: 1 status: (900901) - Invalid Credentials. Make sure you have given the correct access token"}},Online Shopping,news,heather74,1e6843d7-cd83-3f4c-9735-e1ddfd72e3e4
401,{"fault":{"code":900901,"message":"Invalid Credentials","description":"Access failure for API: /news/1, version: 1 status: (900901) - Invalid Credentials. Make sure you have given the correct access token"}},Online Shopping,news,gilbert75,9a7d3ff1-f8a2-3a7c-978b-85c6cae883eb
401,{"fault":{"code":900901,"message":"Invalid Credentials","description":"Access failure for API: /news/1, version: 1 status: (900901) - Invalid Credentials. Make sure you have given the correct access token"}},Online Shopping,news,gilbert75,9a7d3ff1-f8a2-3a7c-978b-85c6cae883eb
401,{"fault":{"code":900901,"message":"Invalid Credentials","description":"Access failure for API: /news/1, version: 1 status: (900901) - Invalid Credentials. Make sure you have given the correct access token"}},Online Shopping,news,gilbert75,9a7d3ff1-f8a2-3a7c-978b-85c6cae883eb
401,{"fault":{"code":900901,"message":"Invalid Credentials","description":"Access failure for API: /news/1, version: 1 status: (900901) - Invalid Credentials. Make sure you have given the correct access token"}},Online Shopping,news,gilbert75,9a7d3ff1-f8a2-3a7c-978b-85c6cae883eb
401,{"fault":{"code":900901,"message":"Invalid Credentials","description":"Access failure for API: /news/1, version: 1 status: (900901) - Invalid Credentials. Make sure you have given the correct access token"}},Online Shopping,news,gilbert75,9a7d3ff1-f8a2-3a7c-978b-85c6cae883eb
401,{"fault":{"code":900901,"message":"Invalid Credentials","description":"Access failure for API: /news/1, version: 1 status: (900901) - Invalid Credentials. Make sure you have given the correct access token"}},Online Shopping,news,gilbert75,9a7d3ff1-f8a2-3a7c-978b-85c6cae883eb
401,{"fault":{"code":900901,"message":"Invalid Credentials","description":"Access failure for API: /news/1, version: 1 status: (900901) - Invalid Credentials. Make sure you have given the correct access token"}},Online Shopping,news,gilbert75,9a7d3ff1-f8a2-3a7c-978b-85c6cae883eb
401,{"fault":{"code":900901,"message":"Invalid Credentials","description":"Access failure for API: /news/1, version: 1 status: (900901) - Invalid Credentials. Make sure you have given the correct access token"}},Online Shopping,news,gilbert75,9a7d3ff1-f8a2-3a7c-978b-85c6cae883eb
401,{"fault":{"code":900901,"message":"Invalid Credentials","description":"Access failure for API: /news/1, version: 1 status: (900901) - Invalid Credentials. Make sure you have given the correct access token"}},Online Shopping,news,gilbert75,9a7d3ff1-f8a2-3a7c-978b-85c6cae883eb
401,{"fault":{"code":900901,"message":"Invalid Credentials","description":"Access failure for API: /news/1, version: 1 status: (900901) - Invalid Credentials. Make sure you have given the correct access token"}},Online Shopping,news,olivia71,2ab4eab8-c2c1-3689-92ea-d716775ed8cb
401,{"fault":{"code":900901,"message":"Invalid Credentials","description":"Access failure for API: /news/1, version: 1 status: (900901) - Invalid Credentials. Make sure you have given the correct access token"}},Online Shopping,news,olivia71,2ab4eab8-c2c1-3689-92ea-d716775ed8cb
401,{"fault":{"code":900901,"message":"Invalid Credentials","description":"Access failure for API: /news/1, version: 1 status: (900901) - Invalid Credentials. Make sure you have given the correct access token"}},Online Shopping,news,olivia71,2ab4eab8-c2c1-3689-92ea-d716775ed8cb
401,{"fault":{"code":900901,"message":"Invalid Credentials","description":"Access failure for API: /news/1, version: 1 status: (900901) - Invalid Credentials. Make sure you have given the correct access token"}},Online Shopping,news,beth68,c6db87e6-2b47-31bc-af28-3f29aa900d09
401,{"fault":{"code":900901,"message":"Invalid Credentials","description":"Access failure for API: /news/1, version: 1 status: (900901) - Invalid Credentials. Make sure you have given the correct access token"}},Online Shopping,news,beth68,c6db87e6-2b47-31bc-af28-3f29aa900d09
401,{"fault":{"code":900901,"message":"Invalid Credentials","description":"Access failure for API: /news/1, version: 1 status: (900901) - Invalid Credentials. Make sure you have given the correct access token"}},Online Shopping,news,beth68,c6db87e6-2b47-31bc-af28-3f29aa900d09
401,{"fault":{"code":900901,"message":"Invalid Credentials","description":"Access failure for API: /news/1, version: 1 status: (900901) - Invalid Credentials. Make sure you have given the correct access token"}},Online Shopping,news,beth68,c6db87e6-2b47-31bc-af28-3f29aa900d09
401,{"fault":{"code":900901,"message":"Invalid Credentials","description":"Access failure for API: /news/1, version: 1 status: (900901) - Invalid Credentials. Make sure you have given the correct access token"}},Online Shopping,news,olivia71,2ab4eab8-c2c1-3689-92ea-d716775ed8cb
401,{"fault":{"code":900901,"message":"Invalid Credentials","description":"Access failure for API: /news/1, version: 1 status: (900901) - Invalid Credentials. Make sure you have given the correct access token"}},Online Shopping,news,gilbert75,9a7d3ff1-f8a2-3a7c-978b-85c6cae883eb
401,{"fault":{"code":900901,"message":"Invalid Credentials","description":"Access failure for API: /news/1, version: 1 status: (900901) - Invalid Credentials. Make sure you have given the correct access token"}},Online Shopping,news,olivia71,2ab4eab8-c2c1-3689-92ea-d716775ed8cb
401,{"fault":{"code":900901,"message":"Invalid Credentials","description":"Access failure for API: /news/1, version: 1 status: (900901) - Invalid Credentials. Make sure you have given the correct access token"}},Online Shopping,news,olivia71,2ab4eab8-c2c1-3689-92ea-d716775ed8cb
401,{"fault":{"code":900901,"message":"Invalid Credentials","description":"Access failure for API: /news/1, version: 1 status: (900901) - Invalid Credentials. Make sure you have given the correct access token"}},Online Shopping,news,olivia71,2ab4eab8-c2c1-3689-92ea-d716775ed8cb
401,{"fault":{"code":900901,"message":"Invalid Credentials","description":"Access failure for API: /news/1, version: 1 status: (900901) - Invalid Credentials. Make sure you have given the correct access token"}},Online Shopping,news,olivia71,2ab4eab8-c2c1-3689-92ea-d716775ed8cb
401,{"fault":{"code":900901,"message":"Invalid Credentials","description":"Access failure for API: /news/1, version: 1 status: (900901) - Invalid Credentials. Make sure you have given the correct access token"}},Online Shopping,news,gilbert75,9a7d3ff1-f8a2-3a7c-978b-85c6cae883eb
401,{"fault":{"code":900901,"message":"Invalid Credentials","description":"Access failure for API: /news/1, version: 1 status: (900901) - Invalid Credentials. Make sure you have given the correct access token"}},Online Shopping,news,gilbert75,9a7d3ff1-f8a2-3a7c-978b-85c6cae883eb
401,{"fault":{"code":900901,"message":"Invalid Credentials","description":"Access failure for API: /news/1, version: 1 status: (900901) - Invalid Credentials. Make sure you have given the correct access token"}},Online Shopping,news,jorge95,aab66bf9-943f-3666-a472-972069a338cf
401,{"fault":{"code":900901,"message":"Invalid Credentials","description":"Access failure for API: /news/1, version: 1 status: (900901) - Invalid Credentials. Make sure you have given the correct access token"}},Online Shopping,news,jorge95,aab66bf9-943f-3666-a472-972069a338cf
401,{"fault":{"code":900901,"message":"Invalid Credentials","description":"Access failure for API: /news/1, version: 1 status: (900901) - Invalid Credentials. Make sure you have given the correct access token"}},Online Shopping,news,jorge95,aab66bf9-943f-3666-a472-972069a338cf
401,{"fault":{"code":900901,"message":"Invalid Credentials","description":"Access failure for API: /news/1, version: 1 status: (900901) - Invalid Credentials. Make sure you have given the correct access token"}},Online Shopping,news,jorge95,aab66bf9-943f-3666-a472-972069a338cf
401,{"fault":{"code":900901,"message":"Invalid Credentials","description":"Access failure for API: /news/1, version: 1 status: (900901) - Invalid Credentials. Make sure you have given the correct access token"}},Online Shopping,news,jorge95,aab66bf9-943f-3666-a472-972069a338cf
401,{"fault":{"code":900901,"message":"Invalid Credentials","description":"Access failure for API: /news/1, version: 1 status: (900901) - Invalid Credentials. Make sure you have given the correct access token"}},Online Shopping,news,jorge95,aab66bf9-943f-3666-a472-972069a338cf
